PLAYER,TEAM,AGE,GP,W,L,MIN,USG_PCT,PCT_FGM,PCT_FGA,PCT_FG3M,PCT_FG3A,PCT_FTM,PCT_FTA,PCT_OREB,PCT_DREB,PCT_REB,PCT_AST,PCT_TOV,PCT_STL,PCT_BLK,PCT_BLKA,PCT_PF,PCT_PFD,PCT_PTS
Aaron Gordon,ORL,23,5,1,4,164.0,22.8,26.1,23.1,22.9,19.4,17.9,26.0,47.8,25.8,30.0,26.9,22.8,25.0,7.1,12.5,24.2,30.7,24.3
Aaron Holiday,IND,22,3,0,3,13.0,19.4,25.0,22.7,50.0,22.2,0.0,0.0,0.0,0.0,0.0,0.0,25.0,0.0,0.0,0.0,50.0,0.0,21.7
Abdel Nader,OKC,25,3,1,2,5.0,16.7,50.0,25.0,0.0,0.0,0.0,0.0,0.0,0.0,0.0,0.0,0.0,0.0,100,0.0,0.0,0.0,40.0
Al Horford,BOS,33,9,5,4,310.0,18.8,19.5,20.5,25.0,20.7,11.2,10.9,26.5,26.5,26.5,27.6,19.6,9.8,28.0,18.5,17.2,13.1,18.4
Al-Farouq Aminu,POR,28,16,8,8,399.0,14.7,11.9,14.9,15.5,19.7,16.4,17.1,26.6,26.2,26.3,14.1,13.9,15.0,24.4,20.4,19.2,13.3,13.1
Alfonzo McKinnie,GSW,26,22,14,8,235.0,11.8,13.1,13.8,16.4,19.2,3.7,7.6,28.8,19.4,21.8,3.0,8.5,5.3,4.5,16.7,27.8,9.8,11.7
Amir Johnson,PHI,32,4,3,1,20.0,10.4,28.6,11.8,0.0,0.0,0.0,0.0,60.0,16.7,29.4,40.0,11.1,50.0,0.0,0.0,42.9,0.0,22.9
Andre Drummond,DET,25,4,0,4,127.0,24.0,23.5,20.2,0.0,1.2,34.6,52.5,55.6,42.7,46.8,15.0,45.8,42.9,55.6,42.3,25.4,44.4,22.3
Andre Iguodala,GSW,35,21,13,8,629.0,13.8,15.3,14.9,16.0,17.8,5.2,10.9,22.1,15.3,16.9,22.3,11.7,24.2,30.3,7.5,14.6,15.2,13.6
Andrew Bogut,GSW,34,19,13,6,179.0,11.6,15.7,11.4,0.0,0.0,7.5,7.5,50.0,42.5,44.6,20.0,15.6,17.2,33.3,10.0,33.6,9.1,13.1
Anfernee Simons,POR,20,5,2,3,12.0,30.0,0.0,30.4,0.0,16.7,57.1,41.7,0.0,0.0,0.0,0.0,0.0,33.3,0.0,0.0,40.0,33.3,25.0
Aron Baynes,BOS,32,9,5,4,115.0,7.6,9.5,6.8,7.7,7.8,5.6,8.3,46.2,19.0,22.1,6.7,12.8,25.0,28.6,12.5,36.4,11.8,9.0
Austin Rivers,HOU,26,10,6,4,215.0,14.2,16.0,15.9,20.3,16.7,5.2,5.9,4.9,11.9,10.4,12.7,13.8,18.5,3.8,11.1,30.4,9.7,15.0
Ben Simmons,PHI,22,12,7,5,421.0,16.3,21.2,15.6,0.0,0.0,12.7,17.2,22.8,18.8,19.7,31.9,22.4,28.8,22.6,18.8,22.5,22.3,17.7
Blake Griffin,DET,30,2,0,2,58.0,31.8,34.0,31.2,31.6,28.9,58.3,50.0,22.2,20.5,21.1,34.3,42.9,20.0,0.0,7.7,25.0,40.9,35.8
Boban Marjanovic,PHI,30,11,7,4,105.0,23.1,24.5,19.8,0.0,6.0,40.0,38.0,39.4,31.9,34.3,20.0,33.3,14.3,60.0,28.6,32.7,37.2,25.2
Bojan Bogdanovic,IND,30,4,0,4,148.0,22.5,23.4,24.7,22.6,24.2,34.9,28.3,14.3,22.2,20.7,16.2,16.7,28.6,0.0,71.4,11.1,28.3,25.0
Brad Wanamaker,BOS,29,4,2,2,17.0,25.0,27.3,24.1,100,14.3,23.1,23.5,0.0,0.0,0.0,50.0,33.3,66.7,0.0,0.0,0.0,30.0,27.8
Brook Lopez,MIL,31,15,10,5,438.0,15.1,16.3,16.6,20.4,22.7,14.9,13.0,14.5,18.2,17.6,9.3,9.3,10.5,43.8,11.9,24.2,11.0,16.5
Bruce Brown,DET,22,4,0,4,57.0,12.6,11.1,13.0,9.1,14.3,16.7,11.1,12.5,19.4,18.2,7.4,12.5,33.3,20.0,10.0,24.2,8.3,11.5
Bryn Forbes,SAS,25,7,3,4,212.0,13.7,15.7,15.1,51.7,37.3,8.7,10.1,2.3,15.4,12.6,7.0,7.1,5.9,5.3,17.6,14.6,6.5,17.0
CJ McCollum,POR,27,16,8,8,635.0,27.3,29.5,30.2,29.9,28.5,17.0,18.1,10.1,15.3,14.0,22.6,18.6,13.5,15.6,21.9,11.8,17.7,27.4
Caris LeVert,BKN,24,5,1,4,144.0,26.9,32.7,27.2,36.4,24.8,26.6,29.9,24.0,19.5,20.5,28.3,26.3,23.8,20.0,25.0,11.9,28.0,31.6
Chris Boucher,TOR,26,2,1,1,4.0,41.7,100,50.0,100,60.0,0.0,33.3,0.0,20.0,20.0,0.0,0.0,0.0,100,50.0,0.0,50.0,71.4
Chris Paul,HOU,34,11,6,5,397.0,22.3,21.9,21.6,14.4,18.4,25.5,23.1,16.9,20.4,19.6,41.1,28.5,33.8,16.3,8.3,19.7,27.0,21.5
Clint Capela,HOU,25,11,6,5,331.0,15.0,18.1,14.6,0.0,0.0,15.2,24.8,65.1,29.8,37.0,12.3,14.2,5.4,29.3,31.3,18.8,20.4,15.0
Cory Joseph,IND,27,4,0,4,85.0,13.5,22.6,16.7,22.2,17.3,8.7,5.0,8.3,10.7,10.3,12.5,0.0,21.4,0.0,12.5,16.7,11.4,20.4
D'Angelo Russell,BKN,23,5,1,4,148.0,33.2,33.3,37.1,37.5,37.0,20.0,18.6,5.3,19.0,14.8,29.5,25.9,30.4,14.3,17.6,16.4,13.2,31.4
D.J. Augustin,ORL,31,5,1,4,141.0,17.3,21.3,17.7,27.0,20.6,29.8,26.7,4.3,8.5,7.6,32.2,14.9,10.5,7.7,42.9,12.3,16.7,23.5
D.J. Wilson,MIL,23,8,6,2,43.0,22.6,26.7,21.6,10.0,13.2,18.2,15.4,12.5,30.0,26.3,18.2,36.8,0.0,33.3,20.0,33.3,12.5,23.5
Damian Jones,GSW,24,4,3,1,8.0,13.6,20.0,8.3,0.0,0.0,14.3,25.0,0.0,25.0,22.2,0.0,25.0,0.0,0.0,0.0,60.0,20.0,16.7
Damian Lillard,POR,28,16,8,8,650.0,28.6,25.9,27.5,36.9,36.2,37.3,34.9,5.2,15.6,12.9,40.2,34.7,29.3,6.9,25.3,13.7,36.9,29.1
Daniel Theis,BOS,27,7,5,2,42.0,15.1,15.6,17.9,0.0,8.3,11.8,8.0,36.4,15.8,20.4,0.0,6.7,16.7,50.0,50.0,19.0,18.2,13.5
Danilo Gallinari,LAC,30,6,2,4,201.0,27.1,23.5,30.1,25.5,33.1,28.0,27.7,24.3,21.7,22.3,15.1,16.2,25.8,7.7,20.6,13.3,24.5,24.6
Danny Green,TOR,32,24,16,8,684.0,12.3,9.4,12.8,23.2,24.5,7.9,7.3,13.5,14.7,14.4,8.1,14.6,26.0,15.1,5.7,19.7,8.3,10.6
Dante Cunningham,SAS,32,5,2,3,13.0,10.0,22.2,13.0,50.0,20.0,0.0,0.0,40.0,40.0,40.0,0.0,0.0,0.0,0.0,100,0.0,0.0,26.1
Danuel House Jr.,HOU,26,7,4,3,141.0,13.8,10.9,15.3,17.8,23.8,7.8,12.3,10.0,22.0,19.8,2.2,9.1,9.7,12.5,6.7,16.7,13.8,11.4
Darren Collison,IND,31,4,0,4,117.0,22.0,21.6,21.2,17.4,14.9,16.2,13.6,17.4,9.8,11.4,30.2,30.3,9.1,0.0,0.0,23.9,13.6,20.3
Davis Bertans,SAS,26,5,2,3,79.0,9.6,7.1,10.1,21.4,27.5,9.7,11.4,0.0,12.9,9.5,13.5,9.1,0.0,20.0,0.0,35.7,8.1,8.6
DeMar DeRozan,SAS,29,7,3,4,251.0,27.8,27.8,27.2,0.0,1.1,41.3,37.9,20.0,22.0,21.6,29.9,24.5,33.3,4.0,31.6,15.1,34.7,28.4
DeMarcus Cousins,GSW,28,8,3,5,133.0,25.9,22.6,22.1,9.1,12.4,40.0,47.2,29.0,33.0,32.0,24.4,38.8,22.7,28.6,44.4,44.4,43.8,23.6
DeMarre Carroll,BKN,32,5,1,4,119.0,15.1,9.7,16.3,20.6,25.5,15.4,12.9,23.1,20.0,20.8,4.7,9.7,25.0,0.0,29.4,13.6,14.8,12.1
Dennis Schroder,OKC,25,5,1,4,151.0,19.0,22.7,20.4,22.2,20.6,16.7,17.5,5.6,15.2,12.5,27.0,13.3,14.3,0.0,9.1,14.7,17.7,21.2
Deonte Burton,OKC,25,3,1,2,4.0,45.5,50.0,62.5,0.0,100,0.0,0.0,100,20.0,33.3,0.0,0.0,0.0,0.0,0.0,0.0,0.0,40.0
Derrick Favors,UTA,27,5,1,4,103.0,20.6,30.7,20.1,0.0,3.9,31.7,33.9,60.0,27.8,35.6,7.7,15.2,19.0,81.8,33.3,27.9,29.2,28.1
Derrick White,SAS,24,7,3,4,191.0,24.0,25.8,22.7,16.7,23.3,26.8,29.5,2.4,14.4,11.7,21.6,35.7,26.3,25.0,33.3,18.9,28.4,25.3
Domantas Sabonis,IND,23,4,0,4,96.0,19.3,20.7,17.6,5.6,7.3,31.0,29.8,41.2,35.5,36.7,47.1,23.8,21.4,20.0,11.1,25.5,26.2,20.9
Donatas Motiejunas,SAS,28,5,2,3,19.0,26.8,46.2,32.3,0.0,8.3,33.3,33.3,60.0,28.6,36.8,22.2,0.0,0.0,0.0,0.0,20.0,40.0,39.4
Donovan Mitchell,UTA,22,5,1,4,193.0,32.0,25.4,31.8,26.8,29.3,32.4,34.4,13.0,12.9,13.0,17.6,34.4,19.5,4.8,44.8,17.4,30.1,26.8
Doug McDermott,IND,27,3,0,3,29.0,16.4,11.1,19.2,0.0,35.0,28.6,28.6,50.0,8.7,17.2,36.4,0.0,0.0,100,0.0,22.2,25.0,11.8
Draymond Green,GSW,29,22,14,8,850.0,17.1,15.4,15.0,5.8,9.5,14.4,16.2,24.4,30.4,29.1,35.8,31.2,23.9,31.4,22.9,21.0,21.4,14.2
Dzanan Musa,BKN,20,2,0,2,15.0,15.0,11.1,10.0,0.0,12.5,0.0,0.0,0.0,0.0,0.0,0.0,60.0,40.0,0.0,0.0,50.0,0.0,8.3
Ed Davis,BKN,30,3,1,2,41.0,11.3,17.5,12.5,0.0,0.0,15.4,13.3,57.1,50.0,51.4,15.4,0.0,0.0,50.0,22.2,39.1,20.0,15.4
Edmond Sumner,IND,23,1,0,1,2.0,0.0,0.0,0.0,0.0,0.0,0.0,0.0,0.0,100,66.7,0.0,0.0,0.0,0.0,0.0,0.0,0.0,0.0
Ekpe Udoh,UTA,32,2,0,2,6.0,5.9,0.0,9.1,0.0,0.0,0.0,0.0,0.0,0.0,0.0,0.0,0.0,0.0,0.0,0.0,0.0,0.0,0.0
Enes Kanter,POR,27,16,8,8,461.0,17.2,20.1,17.0,1.0,1.3,16.8,17.0,39.1,31.5,33.7,10.9,20.8,16.4,17.6,26.8,18.7,19.0,17.6
Eric Bledsoe,MIL,29,15,10,5,423.0,23.3,22.2,23.7,16.3,21.4,20.0,19.7,20.8,9.8,12.0,31.4,28.3,23.2,10.9,24.2,14.8,23.3,21.2
Eric Gordon,HOU,30,11,6,5,410.0,19.7,21.2,21.2,28.8,26.5,16.3,14.6,5.7,8.4,7.8,8.4,19.0,9.9,26.2,17.9,12.1,15.5,21.5
Eric Moreland,TOR,27,8,6,2,28.0,2.9,7.7,4.0,0.0,0.0,0.0,0.0,100,48.0,51.9,42.9,0.0,0.0,0.0,0.0,45.5,0.0,5.0
Ersan Ilyasova,MIL,32,15,10,5,272.0,15.4,15.4,17.1,15.2,19.9,15.6,14.9,37.0,21.4,24.3,14.2,10.0,30.3,18.2,19.2,33.1,18.6,15.4
Evan Fournier,ORL,26,5,1,4,175.0,21.4,21.6,23.2,20.0,26.4,11.3,11.8,8.8,11.8,11.1,16.1,20.3,30.4,0.0,25.0,18.9,11.4,19.7
Evan Turner,POR,30,16,8,8,245.0,11.8,8.0,10.7,1.6,0.6,13.5,13.2,30.2,33.9,33.2,33.0,21.0,11.1,10.7,38.5,19.5,11.0,8.2
Fred VanVleet,TOR,25,24,16,8,592.0,15.1,14.9,16.2,26.8,23.6,9.6,10.1,6.9,8.2,7.9,23.1,15.3,20.2,10.2,16.7,17.1,10.5,15.2
Furkan Korkmaz,PHI,21,4,3,1,36.0,23.3,20.7,26.5,30.0,30.8,36.4,29.4,0.0,21.4,18.8,35.7,9.1,0.0,20.0,40.0,29.4,41.2,24.1
Garrett Temple,LAC,33,6,2,4,63.0,11.3,6.0,10.5,14.3,21.2,14.9,17.9,8.3,14.0,12.7,6.1,11.1,27.3,20.0,0.0,27.6,23.1,9.1
Gary Clark,HOU,24,2,1,1,4.0,0.0,0.0,0.0,0.0,0.0,0.0,0.0,0.0,100,50.0,0.0,0.0,0.0,0.0,0.0,0.0,0.0,0.0
Gary Harris,DEN,24,14,7,7,517.0,15.8,17.5,16.9,20.8,19.3,15.1,14.0,6.8,13.5,11.7,12.6,10.8,19.7,16.7,17.8,17.8,12.8,17.3
George Hill,MIL,33,15,10,5,395.0,15.1,19.9,16.9,18.9,16.7,15.3,14.3,18.5,11.7,13.0,20.9,6.5,21.4,8.2,18.4,19.8,15.7,18.9
Georges Niang,UTA,26,5,1,4,55.0,18.3,20.5,21.6,36.4,31.7,0.0,0.0,0.0,30.4,26.4,15.2,18.2,12.5,16.7,12.5,18.5,0.0,18.0
Gerald Green,HOU,33,11,6,5,97.0,19.3,17.9,23.7,37.0,34.1,11.1,8.8,0.0,18.8,14.0,3.2,11.1,16.7,25.0,20.0,27.3,13.6,18.9
Giannis Antetokounmpo,MIL,24,15,10,5,514.0,31.0,31.1,28.0,13.1,13.3,46.1,51.2,33.3,33.1,33.2,27.4,36.5,23.4,44.1,36.7,20.6,47.9,31.9
Glenn Robinson III,DET,25,3,0,3,36.0,20.0,17.4,19.5,16.7,32.0,50.0,33.3,16.7,17.9,17.5,15.4,25.0,50.0,0.0,14.3,29.4,16.7,21.7
Gordon Hayward,BOS,29,9,5,4,267.0,14.6,15.0,14.9,14.1,12.9,16.2,12.9,6.3,15.3,13.7,19.3,17.9,19.4,17.6,11.5,13.4,12.9,15.2
Grayson Allen,UTA,23,2,0,2,14.0,27.8,25.0,25.9,0.0,30.0,100,77.8,0.0,11.1,8.3,0.0,0.0,0.0,0.0,0.0,0.0,80.0,40.9
Greg Monroe,PHI,29,10,6,4,90.0,21.1,22.2,23.4,6.7,7.8,29.2,29.0,63.6,27.4,36.9,8.0,11.8,27.8,30.0,50.0,25.6,16.1,21.9
Guerschon Yabusele,BOS,23,4,2,2,14.0,21.6,20.0,17.4,0.0,14.3,36.4,46.7,33.3,9.1,14.3,20.0,16.7,0.0,50.0,100,50.0,40.0,25.0
Iman Shumpert,HOU,29,8,4,4,109.0,11.6,10.9,13.3,21.1,21.0,2.1,6.6,4.2,15.5,12.6,5.0,8.1,5.6,0.0,20.0,20.4,7.4,10.7
Isaiah Hartenstein,HOU,21,2,1,1,2.0,25.0,100,28.6,0.0,0.0,0.0,0.0,100,0.0,100,0.0,0.0,0.0,0.0,0.0,50.0,0.0,100
Ish Smith,DET,30,4,0,4,81.0,22.3,19.6,24.2,6.7,11.7,12.5,11.8,6.3,15.9,13.9,45.2,22.2,25.0,11.1,9.1,20.5,9.4,17.0
Ivica Zubac,LAC,22,4,1,3,39.0,22.1,34.6,22.5,0.0,0.0,11.8,14.3,61.1,40.7,48.9,6.3,30.8,15.4,50.0,22.2,33.3,15.0,25.3
JJ Redick,PHI,35,12,7,5,375.0,16.8,17.4,18.5,44.4,36.0,11.6,10.6,2.4,5.4,4.7,9.5,17.2,2.4,6.1,0.0,18.7,12.2,19.0
JaMychal Green,LAC,29,6,2,4,141.0,17.4,18.1,16.4,27.3,20.5,13.6,13.7,25.0,28.9,28.1,6.2,25.0,28.6,0.0,28.6,29.7,13.9,18.5
Jacob Evans,GSW,22,7,5,2,18.0,17.5,15.4,18.5,25.0,20.0,0.0,0.0,0.0,6.7,5.9,12.5,40.0,0.0,0.0,0.0,50.0,12.5,13.9
Jae Crowder,UTA,28,5,1,4,130.0,17.6,19.3,19.2,36.0,28.6,28.0,28.4,11.1,27.8,23.0,6.6,2.6,18.5,0.0,15.0,11.9,21.8,22.7
Jake Layman,POR,25,6,3,3,20.0,18.4,11.1,19.4,0.0,31.3,42.9,36.4,25.0,25.0,25.0,0.0,0.0,0.0,0.0,0.0,21.4,22.2,18.5
Jakob Poeltl,SAS,23,7,3,4,177.0,11.0,14.9,11.3,0.0,1.4,8.3,11.4,58.1,23.6,32.5,14.1,9.1,12.5,23.8,7.7,33.3,14.9,12.9
Jamal Murray,DEN,22,14,7,7,508.0,26.1,25.4,27.4,28.6,29.0,25.8,22.9,14.2,11.9,12.5,26.4,22.4,23.7,4.1,22.2,11.3,20.5,25.8
James Ennis III,PHI,28,11,7,4,232.0,14.8,16.9,15.7,20.0,24.1,10.7,13.9,26.7,14.9,17.9,10.5,13.7,14.3,12.5,21.1,25.0,16.4,15.9
James Harden,HOU,29,11,6,5,424.0,36.1,32.9,36.4,33.6,37.0,47.1,43.4,11.3,22.4,20.1,43.7,35.7,31.6,25.0,48.9,21.9,35.4,35.5
Jared Dudley,BKN,33,4,1,3,82.0,8.5,4.8,7.5,13.3,17.3,9.1,7.8,0.0,3.7,3.0,32.4,14.3,16.7,20.0,0.0,27.0,14.3,6.5
Jarell Martin,ORL,25,3,0,3,18.0,21.7,28.6,23.7,66.7,35.0,0.0,18.2,20.0,4.3,7.1,10.0,0.0,0.0,50.0,0.0,33.3,20.0,27.0
Jarred Vanderbilt,DEN,20,3,1,2,5.0,0.0,0.0,0.0,0.0,0.0,0.0,0.0,0.0,33.3,20.0,0.0,0.0,0.0,100,0.0,0.0,0.0,0.0
Jarrett Allen,BKN,21,5,1,4,110.0,16.7,24.1,15.0,0.0,0.0,37.0,33.9,45.5,29.7,35.1,21.6,20.5,15.0,50.0,30.0,27.1,35.8,24.0
Jaylen Brown,BOS,22,9,5,4,274.0,18.2,21.7,18.3,23.0,21.2,21.7,23.4,16.7,20.4,19.9,8.2,18.0,17.6,8.7,20.8,25.2,20.2,21.8
Jayson Tatum,BOS,21,9,5,4,295.0,21.4,22.1,22.0,14.7,16.5,25.7,27.7,17.5,21.0,20.5,12.5,19.8,27.0,28.0,33.3,15.9,22.2,21.9
Jerami Grant,OKC,25,5,1,4,176.0,12.0,13.9,12.5,20.5,16.0,13.6,14.4,17.6,17.4,17.4,4.5,7.7,16.7,55.6,9.5,16.5,17.9,14.6
Jeremy Lin,TOR,30,8,7,1,27.0,23.5,16.7,19.1,20.0,8.3,40.0,33.3,0.0,11.1,10.3,50.0,45.5,25.0,0.0,50.0,15.4,28.6,23.1
Jerian Grant,ORL,26,3,0,3,14.0,28.9,16.7,32.3,0.0,50.0,20.0,11.1,0.0,20.0,16.7,37.5,50.0,0.0,0.0,0.0,33.3,37.5,16.7
Jerome Robinson,LAC,22,5,1,4,46.0,14.2,11.6,14.4,37.5,20.7,22.7,17.2,10.0,14.8,12.8,25.0,12.5,18.2,0.0,16.7,17.4,13.0,15.5
Jimmy Butler,PHI,29,12,7,5,421.0,22.7,22.5,23.4,14.1,18.8,32.5,30.1,22.2,15.3,16.9,28.3,16.3,30.0,16.7,17.9,10.2,27.8,23.8
Jodie Meeks,TOR,31,14,9,5,67.0,20.2,19.6,23.6,14.3,25.0,11.8,11.5,0.0,16.4,14.3,3.1,14.3,40.0,20.0,11.1,17.1,10.0,17.9
Joe Harris,BKN,27,5,1,4,149.0,15.0,14.4,15.4,15.4,21.4,10.8,8.9,15.0,18.1,17.1,4.7,18.4,13.0,0.0,14.3,17.4,10.1,13.7
Joe Ingles,UTA,31,5,1,4,151.0,12.7,10.8,14.2,26.7,26.9,0.0,0.0,9.1,20.6,17.8,32.5,16.3,28.9,0.0,0.0,19.2,5.7,10.4
Joel Embiid,PHI,25,11,6,5,334.0,30.1,24.6,27.7,16.2,18.1,47.1,45.5,30.4,33.6,33.0,21.1,37.0,21.1,52.1,27.3,25.4,40.5,28.4
Jon Leuer,DET,30,1,0,1,5.0,18.2,20.0,22.2,0.0,0.0,0.0,20.0,0.0,0.0,0.0,0.0,0.0,0.0,0.0,0.0,100,33.3,14.3
Jonah Bolden,PHI,23,10,7,3,79.0,14.7,8.8,12.9,30.8,30.2,6.1,9.3,21.1,17.2,18.2,10.7,30.0,12.5,12.5,0.0,33.3,10.0,10.0
Jonas Jerebko,GSW,32,16,11,5,121.0,16.5,13.5,20.2,19.2,26.8,9.6,9.5,45.5,26.4,32.4,20.7,6.9,4.5,22.2,18.2,17.6,8.5,13.3
Jonathan Isaac,ORL,21,5,1,4,137.0,15.1,12.5,16.9,12.1,20.6,14.6,14.3,31.3,22.1,24.4,3.8,10.2,10.5,41.7,16.7,15.3,16.1,12.8
Jonathon Simmons,PHI,29,7,5,2,52.0,27.0,25.0,28.3,33.3,29.4,25.0,23.5,13.3,20.0,18.0,14.3,28.6,12.5,0.0,60.0,8.0,11.8,25.5
Jordan Bell,GSW,24,15,11,4,106.0,15.3,19.3,17.4,0.0,0.0,14.3,17.2,36.8,17.6,21.8,18.3,7.1,30.8,53.8,30.0,29.5,11.6,16.2
Jose Calderon,DET,37,3,0,3,10.0,0.0,0.0,0.0,0.0,0.0,0.0,0.0,0.0,0.0,0.0,71.4,0.0,20.0,0.0,0.0,0.0,0.0,0.0
Juancho Hernangomez,DEN,23,5,3,2,15.0,12.9,8.3,12.5,14.3,15.4,0.0,0.0,0.0,23.1,18.8,0.0,20.0,0.0,0.0,0.0,40.0,0.0,9.7
Kawhi Leonard,TOR,28,24,16,8,939.0,31.0,32.7,30.3,23.6,21.8,46.7,44.0,31.2,25.8,26.9,22.1,31.5,24.2,18.7,31.2,13.2,39.8,34.4
Kenneth Faried,HOU,29,6,4,2,56.0,11.9,25.7,13.7,6.3,2.1,15.6,15.0,33.3,45.0,42.9,13.3,0.0,20.0,0.0,0.0,20.7,16.1,20.3
Kevin Durant,GSW,30,12,8,4,442.0,31.8,31.7,30.4,32.4,28.0,52.3,48.7,1.1,19.5,15.0,20.3,32.1,20.0,24.0,20.0,17.1,45.6,35.5
Kevon Looney,GSW,23,21,14,7,431.0,11.6,17.0,12.2,0.0,0.0,10.6,12.2,45.6,16.5,22.9,7.9,10.0,19.0,21.6,6.5,26.0,12.0,14.0
Khem Birch,ORL,26,5,1,4,92.0,11.6,16.1,10.5,0.0,0.0,18.2,14.9,33.3,26.5,28.2,12.5,21.4,7.7,55.6,25.0,22.2,17.6,15.1
Khris Middleton,MIL,27,15,10,5,515.0,20.4,19.7,21.7,28.4,23.2,21.1,17.4,8.8,19.6,17.6,24.8,20.7,13.2,0.0,16.0,19.6,18.0,20.9
Khyri Thomas,DET,23,3,0,3,15.0,37.5,46.2,48.0,33.3,50.0,25.0,14.3,0.0,25.0,22.2,0.0,0.0,28.6,0.0,0.0,0.0,28.6,42.4
Klay Thompson,GSW,29,21,14,7,818.0,21.6,23.2,24.6,35.2,29.4,12.5,11.1,7.3,13.5,12.0,9.1,14.8,23.0,14.9,19.0,14.8,9.7,22.8
Kyle Korver,UTA,38,4,1,3,30.0,13.2,16.7,15.7,40.0,26.1,13.3,13.6,25.0,20.0,20.8,0.0,9.1,0.0,0.0,14.3,27.3,12.5,17.9
Kyle Lowry,TOR,33,24,16,8,900.0,18.2,17.1,17.6,22.4,22.5,18.0,18.9,13.5,15.3,15.0,36.7,24.7,20.9,8.5,19.3,23.4,28.0,17.8
Kyle O'Quinn,IND,29,1,0,1,2.0,20.0,0.0,0.0,0.0,0.0,0.0,0.0,0.0,0.0,0.0,0.0,100,0.0,0.0,0.0,0.0,0.0,0.0
Kyrie Irving,BOS,27,9,5,4,330.0,29.2,27.2,30.5,21.7,25.1,26.7,24.1,10.6,12.2,12.0,40.6,28.9,31.7,17.4,22.6,18.2,25.7,26.4
LaMarcus Aldridge,SAS,33,7,3,4,244.0,26.7,28.5,27.9,9.4,11.3,31.0,29.7,34.5,26.5,28.4,18.1,14.6,20.8,36.8,15.8,20.0,27.0,27.7
Landry Shamet,LAC,22,6,2,4,174.0,11.4,8.8,12.0,19.6,24.2,12.8,10.5,3.0,9.5,8.1,10.9,11.7,20.7,0.0,20.0,15.8,10.4,10.9
Langston Galloway,DET,27,4,0,4,110.0,13.2,13.9,15.4,36.0,30.5,0.0,0.0,8.3,17.8,15.5,8.7,7.4,10.5,33.3,0.0,20.4,4.2,14.4
Lonnie Walker IV,SAS,20,6,3,3,21.0,16.7,17.6,20.0,0.0,6.3,0.0,0.0,0.0,11.8,8.3,30.0,0.0,0.0,0.0,0.0,0.0,25.0,14.3
Lou Williams,LAC,32,6,2,4,176.0,31.4,30.0,31.3,18.8,17.8,37.4,36.6,18.2,10.8,12.6,50.5,33.3,18.5,10.0,35.5,14.0,30.6,30.7
Luke Kennard,DET,23,4,0,4,133.0,16.3,22.3,17.7,28.1,16.5,13.5,12.5,0.0,19.8,14.8,10.9,11.5,12.5,7.1,20.0,9.4,12.7,21.8
Malcolm Brogdon,MIL,26,7,3,4,198.0,20.7,21.1,22.5,26.9,25.5,8.8,10.0,17.1,16.6,16.7,21.1,22.2,18.5,4.2,23.5,19.0,9.5,19.6
Malcolm Miller,TOR,26,10,7,3,28.0,15.3,15.4,15.7,20.0,23.1,37.5,36.4,0.0,20.0,17.9,10.0,10.0,0.0,50.0,0.0,20.0,33.3,20.5
Malik Beasley,DEN,22,14,7,7,281.0,16.8,15.6,17.6,33.3,30.1,19.3,20.8,12.9,20.2,17.9,9.9,11.9,8.3,3.8,11.1,15.4,17.1,17.9
Marc Gasol,TOR,34,24,16,8,735.0,13.5,13.3,14.0,18.6,17.0,13.8,13.2,11.9,28.3,24.8,22.2,10.9,15.0,41.3,6.1,26.3,15.1,14.0
Marco Belinelli,SAS,33,7,3,4,131.0,13.7,12.2,15.6,42.1,36.2,8.9,8.1,0.0,14.0,10.3,15.4,10.5,0.0,22.2,9.1,14.9,12.3,13.4
Marcus Morris,BOS,29,9,5,4,254.0,16.8,19.9,17.2,25.4,20.5,24.5,27.0,30.0,27.9,28.2,8.9,10.1,3.4,23.8,15.0,20.2,22.5,21.3
Marcus Smart,BOS,25,2,0,2,32.0,19.5,6.7,18.3,20.0,36.7,17.4,20.7,40.0,0.0,12.1,36.4,27.3,37.5,0.0,0.0,25.0,26.3,12.1
Markieff Morris,OKC,29,5,1,4,59.0,15.0,12.5,15.4,25.0,21.2,22.6,24.3,22.2,22.5,22.4,21.7,9.1,7.7,37.5,12.5,22.5,20.6,16.0
Mason Plumlee,DEN,29,14,7,7,218.0,13.1,14.8,11.8,0.0,1.0,20.8,25.5,48.1,23.5,30.0,22.1,18.6,25.9,40.0,8.7,35.5,23.1,14.6
Maurice Harkless,POR,26,16,8,8,388.0,15.2,16.4,15.0,7.6,10.9,16.1,19.8,27.9,18.6,21.2,14.3,15.7,26.1,48.5,17.6,31.3,18.8,15.4
Melvin Frazier Jr.,ORL,22,3,0,3,15.0,15.4,16.7,16.1,0.0,0.0,20.0,18.2,25.0,14.3,16.0,0.0,0.0,33.3,0.0,0.0,0.0,11.1,16.7
Meyers Leonard,POR,27,11,5,6,170.0,18.8,23.8,20.4,28.0,24.4,5.7,11.7,24.0,32.1,30.5,14.5,12.9,13.0,9.1,13.0,34.2,18.9,21.9
Michael Carter-Williams,ORL,27,5,1,4,92.0,18.8,19.7,18.5,12.5,12.3,19.4,17.8,8.7,23.4,20.0,38.7,26.7,27.3,0.0,0.0,33.3,24.5,19.0
Mike Scott,PHI,30,10,6,4,193.0,11.3,13.2,13.7,35.3,32.1,2.2,1.6,6.9,20.5,16.7,5.1,9.3,12.0,0.0,0.0,21.2,3.2,12.6
Monte Morris,DEN,24,14,7,7,224.0,18.2,18.6,20.4,0.0,10.7,12.3,12.5,5.0,10.1,8.7,33.0,13.6,20.8,5.3,33.3,14.2,10.9,16.0
Montrezl Harrell,LAC,25,6,2,4,158.0,21.2,35.9,22.3,0.0,1.2,21.7,25.2,46.2,23.9,28.9,15.9,17.4,12.5,40.0,17.4,22.9,25.9,30.1
Myles Turner,IND,23,4,0,4,126.0,15.6,15.1,15.7,11.1,17.9,20.5,26.5,18.2,23.9,22.7,10.2,8.6,0.0,70.0,0.0,26.9,20.8,15.5
Nene,HOU,36,7,3,4,53.0,13.5,21.7,10.8,0.0,0.0,26.9,26.5,75.0,20.8,38.9,14.3,20.0,27.3,66.7,0.0,31.8,20.7,19.7
Nerlens Noel,OKC,25,5,1,4,60.0,16.8,26.7,18.7,0.0,0.0,0.0,5.4,64.7,20.0,33.3,0.0,19.0,16.7,30.0,33.3,25.0,11.8,18.8
Nikola Jokic,DEN,24,14,7,7,556.0,26.2,29.0,25.8,21.6,17.6,28.1,26.8,36.2,32.6,33.6,42.8,31.9,23.2,24.5,22.4,24.2,32.0,28.2
Nikola Mirotic,MIL,28,14,10,4,298.0,19.5,18.1,20.7,27.2,29.7,19.8,17.3,23.0,18.1,19.2,6.9,16.9,22.7,9.7,15.2,17.2,15.3,19.5
Nikola Vucevic,ORL,28,5,1,4,147.0,23.9,21.4,23.9,8.3,12.7,20.8,21.9,42.9,36.0,37.4,24.2,26.5,10.0,45.5,30.8,21.1,25.0,19.6
Norman Powell,TOR,26,23,15,8,366.0,17.6,19.7,19.5,25.5,23.3,10.2,11.4,9.6,16.6,15.5,14.1,13.8,17.3,0.0,31.4,15.9,12.2,18.8
PJ Tucker,HOU,34,11,6,5,426.0,10.9,12.2,12.1,19.0,15.4,11.0,10.4,22.1,21.3,21.5,11.7,5.6,23.5,19.5,7.0,19.0,14.6,13.0
Pascal Siakam,TOR,25,24,16,8,891.0,22.8,25.6,24.6,13.4,16.9,19.7,21.6,26.8,20.9,22.0,15.7,14.9,15.4,20.2,30.1,16.3,15.4,23.2
Pat Connaughton,MIL,26,15,10,5,324.0,11.2,14.4,12.9,18.5,16.0,2.7,4.1,14.5,27.7,25.2,13.0,9.9,17.1,26.5,10.8,9.3,5.4,12.5
Patrick Beverley,LAC,30,6,2,4,195.0,12.3,12.5,12.7,23.2,21.4,7.1,7.8,20.5,33.1,30.0,28.3,14.9,18.8,40.0,3.3,20.2,19.6,12.8
Patrick McCaw,TOR,23,11,8,3,48.0,5.8,3.1,5.9,9.1,7.3,8.0,6.9,25.0,2.7,6.7,20.0,5.9,28.6,0.0,0.0,16.7,4.5,5.0
Patty Mills,SAS,30,7,3,4,152.0,14.6,11.6,15.6,17.6,32.8,9.4,11.8,3.1,12.8,10.6,47.2,16.7,46.7,11.1,26.7,17.3,14.3,11.5
Paul George,OKC,29,5,1,4,204.0,29.7,26.7,27.7,31.9,34.3,45.5,41.9,14.3,25.9,23.2,18.6,34.4,25.0,4.2,38.1,19.3,36.4,30.8
Paul Millsap,DEN,34,14,7,7,469.0,19.0,19.0,18.4,13.0,14.1,23.7,24.6,20.0,21.9,21.4,4.8,20.7,23.1,37.5,23.9,24.5,28.9,19.3
Quincy Pondexter,SAS,31,5,2,3,12.0,6.9,0.0,9.1,0.0,11.1,0.0,0.0,0.0,12.5,7.7,33.3,0.0,100,0.0,0.0,100,0.0,0.0
Quinn Cook,GSW,26,17,11,6,193.0,16.7,19.2,21.5,26.8,28.6,6.0,4.8,6.3,12.4,11.2,12.5,8.5,10.3,5.0,23.5,13.7,4.5,17.8
Raul Neto,UTA,27,3,0,3,20.0,11.8,10.0,17.1,0.0,6.7,0.0,0.0,0.0,17.6,15.8,14.3,0.0,0.0,0.0,0.0,18.2,0.0,6.7
Raymond Felton,OKC,35,5,1,4,57.0,11.8,10.8,13.5,25.0,25.8,3.7,5.4,0.0,7.7,5.5,15.0,10.5,40.0,12.5,0.0,24.1,9.1,10.1
Reggie Jackson,DET,29,4,0,4,108.0,27.4,29.5,28.6,31.0,28.0,30.0,25.9,17.9,12.3,14.0,49.1,22.7,21.4,0.0,12.5,20.3,26.7,29.7
Ricky Rubio,UTA,28,5,1,4,168.0,22.6,21.1,22.4,11.1,17.1,24.6,22.7,7.3,10.5,9.7,47.8,27.8,35.3,5.3,22.2,19.4,26.7,20.8
Robert Williams III,BOS,21,3,2,1,13.0,10.3,12.5,10.5,0.0,0.0,20.0,18.2,100,60.0,63.6,0.0,0.0,0.0,0.0,0.0,25.0,22.2,14.3
Rodions Kurucs,BKN,21,4,1,3,68.0,13.8,14.8,14.2,12.5,14.8,14.9,16.7,24.0,31.8,29.0,10.3,11.8,22.2,0.0,25.0,27.8,18.4,14.6
Rodney Hood,POR,26,16,8,8,373.0,16.0,18.3,17.1,21.7,22.2,24.3,23.4,13.6,10.8,11.4,9.5,7.4,15.4,7.3,7.5,15.6,18.2,19.8
Rondae Hollis-Jefferson,BKN,24,4,0,4,62.0,29.8,29.6,27.0,7.7,2.4,51.3,48.1,23.1,22.5,22.6,26.1,21.4,10.0,83.3,33.3,23.3,42.1,33.1
Royce O'Neale,UTA,26,5,1,4,137.0,17.0,22.6,17.5,32.0,20.9,5.0,5.3,5.1,18.4,15.0,13.8,25.0,9.1,11.1,7.4,24.6,9.7,19.6
Rudy Gay,SAS,32,7,3,4,178.0,22.0,20.1,22.8,44.4,27.1,16.9,16.3,38.2,29.6,31.4,16.4,34.5,15.8,41.7,25.0,20.6,19.8,20.6
Rudy Gobert,UTA,27,5,1,4,152.0,14.2,17.0,11.6,0.0,0.0,31.6,30.7,59.0,26.2,34.9,9.7,17.3,9.1,76.5,21.1,21.6,29.2,18.1
Russell Westbrook,OKC,30,5,1,4,197.0,31.2,24.8,31.2,23.4,25.2,31.1,28.0,18.4,27.7,25.7,54.1,37.1,20.8,15.0,33.3,19.6,21.3,25.7
Semi Ojeleye,BOS,24,6,2,4,35.0,13.3,17.4,16.1,33.3,20.8,10.0,8.0,25.0,3.4,6.1,12.5,9.1,0.0,0.0,25.0,31.3,9.5,17.3
Serge Ibaka,TOR,29,24,16,8,500.0,21.2,23.7,22.2,7.5,10.9,15.8,17.1,43.2,28.7,31.3,9.0,22.9,18.6,46.0,23.9,30.7,15.1,20.5
Seth Curry,POR,28,16,8,8,326.0,12.0,11.7,13.8,26.3,23.3,7.2,6.4,6.8,9.0,8.4,10.3,8.3,30.0,10.8,2.8,17.4,7.6,12.5
Shabazz Napier,BKN,27,3,0,3,28.0,19.4,22.6,20.4,27.3,22.7,38.9,34.8,40.0,22.7,25.9,64.7,0.0,16.7,0.0,40.0,7.7,31.3,26.4
Shai Gilgeous-Alexander,LAC,20,6,2,4,173.0,18.1,21.5,19.8,17.6,15.1,19.5,18.5,15.4,11.2,12.0,20.7,9.1,19.4,29.4,21.4,19.8,17.3,20.6
Shaun Livingston,GSW,33,22,14,8,322.0,12.8,13.9,13.2,0.0,1.0,17.9,17.6,13.3,9.6,10.7,18.3,9.0,23.3,11.8,19.4,22.3,15.8,13.2
Sindarius Thornwell,LAC,24,4,1,3,12.0,17.6,18.2,20.0,100,42.9,0.0,0.0,0.0,36.4,20.0,0.0,0.0,33.3,0.0,50.0,50.0,0.0,20.0
Skal Labissiere,POR,23,3,1,2,11.0,15.4,33.3,19.0,0.0,16.7,0.0,11.1,0.0,0.0,0.0,0.0,0.0,0.0,0.0,0.0,25.0,20.0,16.7
Spencer Dinwiddie,BKN,26,5,1,4,131.0,22.9,27.6,25.3,33.3,26.7,14.3,16.5,12.5,12.3,12.4,17.4,21.6,10.0,0.0,13.3,16.7,16.4,24.9
Stephen Curry,GSW,31,22,14,8,846.0,28.0,25.9,28.6,42.2,41.3,40.7,35.1,10.1,19.7,17.5,24.5,25.1,17.8,4.0,26.9,16.7,30.5,30.2
Sterling Brown,MIL,24,11,8,3,162.0,12.8,11.2,12.6,15.9,16.3,13.3,12.5,11.4,18.1,16.8,22.9,17.8,30.0,11.5,20.0,24.6,10.4,12.1
Steven Adams,OKC,25,5,1,4,159.0,14.6,21.9,14.9,0.0,1.0,5.3,10.8,41.4,21.8,25.9,9.0,17.3,27.8,31.3,23.8,17.8,22.5,17.0
T.J. McConnell,PHI,27,9,6,3,75.0,14.9,19.0,19.6,0.0,0.0,0.0,0.0,7.1,9.4,9.0,32.4,3.7,16.7,20.0,0.0,12.1,3.3,14.5
TJ Leaf,IND,22,1,0,1,10.0,15.4,0.0,16.7,0.0,12.5,50.0,28.6,20.0,16.7,17.6,0.0,0.0,0.0,0.0,100,0.0,20.0,11.8
Terrance Ferguson,OKC,21,5,1,4,128.0,9.8,8.1,10.6,20.0,20.7,0.0,0.0,8.7,10.8,10.3,8.1,11.4,14.3,0.0,0.0,29.2,0.0,8.8
Terrence Ross,ORL,28,5,1,4,146.0,20.9,20.4,21.3,37.5,30.7,23.3,23.6,3.0,16.3,13.1,12.7,20.8,35.3,20.0,0.0,16.9,20.0,22.9
Terry Rozier,BOS,25,9,5,4,162.0,20.0,17.6,21.3,20.5,30.6,18.8,19.5,13.3,24.3,22.4,27.4,19.2,26.7,14.3,7.7,21.1,27.0,18.2
Thabo Sefolosha,UTA,35,4,1,3,42.0,14.6,7.7,18.7,10.0,26.7,0.0,0.0,8.3,21.2,17.8,13.3,7.7,0.0,0.0,16.7,25.0,5.3,6.2
Thaddeus Young,IND,31,4,0,4,130.0,17.8,18.8,18.8,8.0,9.9,9.8,13.2,52.9,22.1,27.2,23.4,16.1,42.3,25.0,14.3,22.2,14.5,16.3
Theo Pinson,BKN,23,3,0,3,22.0,15.3,12.5,17.8,50.0,46.7,0.0,0.0,0.0,14.3,11.5,27.3,16.7,40.0,0.0,20.0,0.0,8.3,13.2
Thon Maker,DET,22,4,0,4,69.0,20.0,13.5,20.0,0.0,25.5,44.4,40.9,57.1,10.6,16.7,11.8,16.7,0.0,80.0,38.5,40.0,31.3,15.8
Tim Frazier,MIL,28,11,9,2,40.0,16.3,25.8,18.1,30.0,16.7,20.0,16.7,0.0,27.3,22.0,45.5,16.7,25.0,0.0,40.0,22.7,28.6,25.6
Tobias Harris,PHI,26,12,7,5,443.0,18.7,19.1,21.3,25.3,25.6,12.1,11.5,11.9,28.2,24.6,20.7,13.0,23.2,12.5,27.3,15.1,10.5,18.4
Tony Snell,MIL,27,9,7,2,28.0,9.1,9.1,11.5,14.3,8.0,0.0,0.0,28.6,4.8,10.7,0.0,7.1,25.0,33.3,20.0,21.4,9.1,8.2
Torrey Craig,DEN,28,14,7,7,330.0,10.9,11.8,11.6,23.0,19.3,7.3,10.4,25.6,21.2,22.3,7.2,9.4,21.9,17.2,10.3,26.8,10.7,12.2
Treveon Graham,BKN,25,5,1,4,79.0,8.1,2.7,6.6,0.0,11.9,9.4,14.3,12.5,18.2,16.7,11.1,15.0,30.0,33.3,0.0,27.0,17.1,3.5
Trey Lyles,DEN,23,3,1,2,8.0,15.0,0.0,17.6,0.0,11.1,0.0,0.0,33.3,0.0,10.0,33.3,0.0,0.0,0.0,0.0,33.3,0.0,0.0
Tyreke Evans,IND,29,4,0,4,84.0,31.6,36.8,32.9,57.9,37.7,33.3,37.8,0.0,30.4,25.0,9.7,28.6,21.4,20.0,42.9,17.8,33.3,38.9
Tyrone Wallace,LAC,25,2,0,2,11.0,18.8,8.3,13.8,0.0,0.0,50.0,60.0,0.0,10.0,5.3,50.0,50.0,0.0,0.0,0.0,40.0,50.0,14.3
Wayne Ellington,DET,31,4,0,4,131.0,11.7,10.7,13.1,24.1,24.2,6.1,4.3,9.1,13.5,12.3,8.5,6.9,20.0,0.0,24.0,5.6,11.9,11.6
Wes Iwundu,ORL,24,5,1,4,60.0,16.3,13.6,17.0,27.3,23.1,32.1,23.1,0.0,14.9,12.1,13.8,11.8,30.0,0.0,14.3,23.5,15.2,18.9
Wesley Matthews,IND,32,4,0,4,119.0,14.9,10.6,14.6,29.2,29.2,7.7,6.1,0.0,12.7,10.0,14.0,26.7,15.0,9.1,0.0,14.0,12.5,12.0
Will Barton,DEN,28,14,7,7,328.0,21.2,19.3,22.2,26.3,30.2,14.4,15.6,16.7,21.8,20.4,16.6,20.6,10.0,26.5,23.8,12.7,11.9,19.0
Wilson Chandler,LAC,32,4,1,3,52.0,16.2,11.1,16.3,14.3,32.3,12.9,10.3,0.0,17.6,12.5,7.1,23.1,18.2,0.0,12.5,25.9,10.7,11.7
Zach Collins,POR,21,16,8,8,275.0,17.5,20.1,16.8,12.5,12.9,20.6,18.9,29.3,20.8,22.7,13.7,28.6,25.0,70.0,22.7,38.0,25.8,19.4
Zaza Pachulia,DET,35,2,0,2,22.0,15.7,12.5,15.4,0.0,0.0,16.7,22.2,33.3,38.1,37.5,0.0,16.7,0.0,0.0,100,33.3,30.0,11.6
Zhaire Smith,PHI,20,2,0,2,6.0,0.0,0.0,0.0,0.0,0.0,0.0,0.0,0.0,0.0,0.0,0.0,0.0,50.0,0.0,0.0,0.0,0.0,0.0
