PLAYER,TEAM,AGE,GP,W,L,MIN,PCT_FGA_2PT,PCT_FGA_3PT,PCT_PTS_2PT,PCT_PTS_2PT_MR,PCT_PTS_3PT,PCT_PTS_FB,PCT_PTS_FT,PCT_PTS_OFF_TOV,PCT_PTS_PAINT,PCT_AST_2PM,PCT_UAST_2PM,PCT_AST_3PM,PCT_UAST_3PM,PCT_AST_FGM,PCT_UAST_FGM
Aaron Gordon,ORL,23,5,1,4,32.8,67.7,32.3,55.3,15.8,31.6,17.1,13.2,19.7,39.5,33.3,66.7,75.0,25.0,44.8,55.2
Aaron Holiday,IND,22,3,0,3,4.5,60.0,40.0,40.0,0.0,60.0,40.0,0.0,40.0,40.0,0.0,100,0.0,100,0.0,100
Abdel Nader,OKC,25,3,1,2,1.6,100,0.0,100,0.0,0.0,100,0.0,0.0,100,0.0,100,0.0,0.0,0.0,100
Al Horford,BOS,33,9,5,4,34.5,60.0,40.0,44.8,20.8,43.2,4.0,12.0,6.4,24.0,75.0,25.0,94.4,5.6,82.6,17.4
Al-Farouq Aminu,POR,28,16,8,8,24.9,53.2,46.8,39.0,5.1,38.1,16.9,22.9,16.9,33.9,60.9,39.1,100,0.0,76.3,23.7
Alfonzo McKinnie,GSW,26,22,14,8,10.7,45.8,54.2,48.5,3.0,45.5,12.1,6.1,21.2,45.5,81.3,18.8,100,0.0,88.5,11.5
Amir Johnson,PHI,32,4,3,1,4.9,100,0.0,100,25.0,0.0,0.0,0.0,0.0,75.0,25.0,75.0,0.0,0.0,25.0,75.0
Andre Drummond,DET,25,4,0,4,31.8,98.1,1.9,84.2,0.0,0.0,3.5,15.8,10.5,84.2,87.5,12.5,0.0,0.0,87.5,12.5
Andre Iguodala,GSW,35,21,13,8,30.0,51.8,48.2,52.4,3.9,40.8,17.0,6.8,20.9,48.5,85.2,14.8,92.9,7.1,87.8,12.2
Andrew Bogut,GSW,34,19,13,6,9.4,100,0.0,92.3,0.0,0.0,0.0,7.7,7.7,92.3,66.7,33.3,0.0,0.0,66.7,33.3
Anfernee Simons,POR,20,5,2,3,2.4,71.4,28.6,0.0,0.0,0.0,0.0,100,100,0.0,0.0,0.0,0.0,0.0,0.0,0.0
Aron Baynes,BOS,32,9,5,4,12.8,57.1,42.9,63.2,0.0,31.6,0.0,5.3,0.0,63.2,66.7,33.3,100,0.0,75.0,25.0
Austin Rivers,HOU,26,10,6,4,21.5,43.5,56.5,29.7,0.0,64.9,14.9,5.4,8.1,29.7,45.5,54.5,68.8,31.3,59.3,40.7
Ben Simmons,PHI,22,12,7,5,35.1,100,0.0,86.2,1.2,0.0,19.8,13.8,18.0,85.0,55.6,44.4,0.0,0.0,55.6,44.4
Blake Griffin,DET,30,2,0,2,29.0,66.7,33.3,49.0,0.0,36.7,4.1,14.3,14.3,49.0,25.0,75.0,83.3,16.7,44.4,55.6
Boban Marjanovic,PHI,30,11,7,4,9.5,92.5,7.5,75.0,34.4,0.0,0.0,25.0,6.3,40.6,54.2,45.8,0.0,0.0,54.2,45.8
Bojan Bogdanovic,IND,30,4,0,4,36.9,65.1,34.9,50.0,5.6,29.2,30.6,20.8,23.6,44.4,50.0,50.0,85.7,14.3,60.0,40.0
Brad Wanamaker,BOS,29,4,2,2,4.3,85.7,14.3,40.0,20.0,30.0,30.0,30.0,30.0,20.0,0.0,100,100,0.0,33.3,66.7
Brook Lopez,MIL,31,15,10,5,29.2,44.0,56.0,46.4,1.2,39.3,4.8,14.3,8.9,45.2,56.4,43.6,100,0.0,72.1,27.9
Bruce Brown,DET,22,4,0,4,14.2,64.3,35.7,61.5,0.0,23.1,15.4,15.4,53.8,61.5,0.0,100,100,0.0,20.0,80.0
Bryn Forbes,SAS,25,7,3,4,30.3,44.6,55.4,32.0,16.0,60.0,13.3,8.0,2.7,16.0,58.3,41.7,93.3,6.7,77.8,22.2
CJ McCollum,POR,27,16,8,8,39.7,66.6,33.4,54.7,17.7,34.9,12.4,10.4,13.7,37.0,23.1,76.9,58.7,41.3,33.8,66.2
Caris LeVert,BKN,24,5,1,4,28.9,64.4,35.6,45.7,0.0,34.3,4.8,20.0,12.4,45.7,16.7,83.3,33.3,66.7,22.2,77.8
Chris Boucher,TOR,26,2,1,1,2.0,40.0,60.0,40.0,0.0,60.0,0.0,0.0,0.0,40.0,100,0.0,100,0.0,100,0.0
Chris Paul,HOU,34,11,6,5,36.1,57.4,42.6,52.4,11.8,27.3,16.0,20.3,13.9,40.6,12.2,87.8,5.9,94.1,10.6,89.4
Clint Capela,HOU,25,11,6,5,30.1,100,0.0,86.0,0.0,0.0,5.6,14.0,11.2,86.0,80.4,19.6,0.0,0.0,80.4,19.6
Cory Joseph,IND,27,4,0,4,21.2,62.5,37.5,53.3,6.7,40.0,0.0,6.7,6.7,46.7,50.0,50.0,100,0.0,66.7,33.3
D'Angelo Russell,BKN,23,5,1,4,29.6,64.1,35.9,51.5,16.5,37.1,10.3,11.3,18.6,35.1,16.0,84.0,41.7,58.3,24.3,75.7
D.J. Augustin,ORL,31,5,1,4,28.2,48.8,51.2,31.3,9.4,46.9,10.9,21.9,6.3,21.9,10.0,90.0,70.0,30.0,40.0,60.0
D.J. Wilson,MIL,23,8,6,2,5.3,68.8,31.3,73.7,0.0,15.8,10.5,10.5,0.0,73.7,85.7,14.3,100,0.0,87.5,12.5
Damian Jones,GSW,24,4,3,1,2.0,100,0.0,66.7,0.0,0.0,0.0,33.3,0.0,66.7,100,0.0,0.0,0.0,100,0.0
Damian Lillard,POR,28,16,8,8,40.6,52.1,47.9,36.7,9.8,41.2,8.6,22.1,14.4,27.0,12.7,87.3,32.2,67.8,21.0,79.0
Daniel Theis,BOS,27,7,5,2,6.0,85.7,14.3,83.3,16.7,0.0,33.3,16.7,33.3,66.7,100,0.0,0.0,0.0,100,0.0
Danilo Gallinari,LAC,30,6,2,4,33.6,61.3,38.7,43.7,10.1,32.8,13.4,23.5,5.0,33.6,65.4,34.6,84.6,15.4,71.8,28.2
Danny Green,TOR,32,24,16,8,28.5,23.2,76.8,16.9,3.6,70.5,20.5,12.7,9.0,13.3,78.6,21.4,97.4,2.6,92.5,7.5
Dante Cunningham,SAS,32,5,2,3,2.6,33.3,66.7,0.0,0.0,100,50.0,0.0,0.0,0.0,0.0,0.0,100,0.0,100,0.0
Danuel House Jr.,HOU,26,7,4,3,20.1,16.2,83.8,17.6,5.9,70.6,11.8,11.8,29.4,11.8,66.7,33.3,100,0.0,90.9,9.1
Darren Collison,IND,31,4,0,4,29.2,75.6,24.4,62.5,29.2,25.0,35.4,12.5,16.7,33.3,53.3,46.7,0.0,100,42.1,57.9
Davis Bertans,SAS,26,5,2,3,15.8,26.7,73.3,25.0,0.0,56.3,0.0,18.8,0.0,25.0,50.0,50.0,100,0.0,80.0,20.0
DeMar DeRozan,SAS,29,7,3,4,35.8,99.2,0.8,75.3,29.9,0.0,11.7,24.7,8.4,45.5,27.6,72.4,0.0,0.0,27.6,72.4
DeMarcus Cousins,GSW,28,8,3,5,16.6,77.4,22.6,59.0,0.0,14.8,8.2,26.2,13.1,59.0,77.8,22.2,100,0.0,81.0,19.0
DeMarre Carroll,BKN,32,5,1,4,23.9,36.8,63.2,12.1,0.0,63.6,6.1,24.2,15.2,12.1,100,0.0,85.7,14.3,88.9,11.1
Dennis Schroder,OKC,25,5,1,4,30.1,63.6,36.4,55.1,29.0,26.1,10.1,18.8,21.7,26.1,10.5,89.5,83.3,16.7,28.0,72.0
Deonte Burton,OKC,25,3,1,2,1.5,60.0,40.0,100,0.0,0.0,0.0,0.0,0.0,100,100,0.0,0.0,0.0,100,0.0
Derrick Favors,UTA,27,5,1,4,20.6,91.7,8.3,78.0,0.0,0.0,3.4,22.0,10.2,78.0,69.6,30.4,0.0,0.0,69.6,30.4
Derrick White,SAS,24,7,3,4,27.2,77.3,22.7,67.9,15.1,14.2,16.0,17.9,13.2,52.8,38.9,61.1,60.0,40.0,41.5,58.5
Domantas Sabonis,IND,23,4,0,4,24.0,86.2,13.8,64.7,17.6,8.8,0.0,26.5,11.8,47.1,54.5,45.5,100,0.0,58.3,41.7
Donatas Motiejunas,SAS,28,5,2,3,3.7,90.0,10.0,92.3,0.0,0.0,0.0,7.7,15.4,92.3,83.3,16.7,0.0,0.0,83.3,16.7
Donovan Mitchell,UTA,22,5,1,4,38.6,61.6,38.4,46.7,5.6,30.8,15.0,22.4,10.3,41.1,32.0,68.0,81.8,18.2,47.2,52.8
Doug McDermott,IND,27,3,0,3,9.7,30.0,70.0,66.7,0.0,0.0,0.0,33.3,0.0,66.7,100,0.0,0.0,0.0,100,0.0
Draymond Green,GSW,29,22,14,8,38.7,75.1,24.9,69.2,5.5,13.4,12.7,17.5,12.0,63.7,69.3,30.7,92.3,7.7,71.9,28.1
Dzanan Musa,BKN,20,2,0,2,7.3,66.7,33.3,100,0.0,0.0,50.0,0.0,0.0,100,50.0,50.0,0.0,0.0,50.0,50.0
Ed Davis,BKN,30,3,1,2,13.6,100,0.0,87.5,0.0,0.0,0.0,12.5,0.0,87.5,57.1,42.9,0.0,0.0,57.1,42.9
Edmond Sumner,IND,23,1,0,1,1.6,0.0,0.0,0.0,0.0,0.0,0.0,0.0,0.0,0.0,0.0,0.0,0.0,0.0,0.0,0.0
Ekpe Udoh,UTA,32,2,0,2,3.1,100,0.0,0.0,0.0,0.0,0.0,0.0,0.0,0.0,0.0,0.0,0.0,0.0,0.0,0.0
Enes Kanter,POR,27,16,8,8,28.8,97.3,2.7,81.3,11.0,1.6,1.1,17.0,11.0,70.3,54.1,45.9,100,0.0,54.7,45.3
Eric Bledsoe,MIL,29,15,10,5,28.2,61.1,38.9,57.6,8.8,24.9,20.5,17.6,15.1,48.8,49.2,50.8,58.8,41.2,51.3,48.7
Eric Gordon,HOU,30,11,6,5,37.2,36.7,63.3,29.6,0.0,58.2,18.9,12.2,15.3,29.6,58.6,41.4,92.1,7.9,77.6,22.4
Eric Moreland,TOR,27,8,6,2,3.5,100,0.0,100,0.0,0.0,0.0,0.0,0.0,100,100,0.0,0.0,0.0,100,0.0
Ersan Ilyasova,MIL,32,15,10,5,18.2,50.6,49.4,45.1,9.8,35.3,10.8,19.6,10.8,35.3,60.9,39.1,100,0.0,74.3,25.7
Evan Fournier,ORL,26,5,1,4,35.0,50.7,49.3,51.6,19.4,38.7,17.7,9.7,16.1,32.3,37.5,62.5,75.0,25.0,50.0,50.0
Evan Turner,POR,30,16,8,8,15.3,97.8,2.2,65.1,9.3,7.0,2.3,27.9,0.0,55.8,64.3,35.7,100,0.0,66.7,33.3
Fred VanVleet,TOR,25,24,16,8,24.7,41.0,59.0,28.1,10.4,59.4,9.9,12.5,10.9,17.7,37.0,63.0,84.2,15.8,64.6,35.4
Furkan Korkmaz,PHI,21,4,3,1,8.9,55.6,44.4,31.6,10.5,47.4,0.0,21.1,0.0,21.1,33.3,66.7,66.7,33.3,50.0,50.0
Garrett Temple,LAC,33,6,2,4,10.5,36.4,63.6,28.6,14.3,21.4,0.0,50.0,0.0,14.3,100,0.0,100,0.0,100,0.0
Gary Clark,HOU,24,2,1,1,1.9,0.0,0.0,0.0,0.0,0.0,0.0,0.0,0.0,0.0,0.0,0.0,0.0,0.0,0.0,0.0
Gary Harris,DEN,24,14,7,7,37.0,63.9,36.1,53.3,7.0,30.2,25.1,16.6,12.1,46.2,62.3,37.7,90.0,10.0,69.9,30.1
George Hill,MIL,33,15,10,5,26.3,59.3,40.7,49.7,4.6,34.7,19.1,15.6,13.9,45.1,48.8,51.2,85.0,15.0,60.3,39.7
Georges Niang,UTA,26,5,1,4,11.0,40.9,59.1,45.5,0.0,54.5,50.0,0.0,18.2,45.5,60.0,40.0,100,0.0,77.8,22.2
Gerald Green,HOU,33,11,6,5,8.8,27.5,72.5,10.3,0.0,76.9,23.1,12.8,23.1,10.3,50.0,50.0,80.0,20.0,75.0,25.0
Giannis Antetokounmpo,MIL,24,15,10,5,34.3,78.9,21.1,58.0,2.6,14.1,28.7,27.9,13.3,55.4,45.9,54.1,83.3,16.7,51.2,48.8
Glenn Robinson III,DET,25,3,0,3,11.9,46.7,53.3,46.2,15.4,23.1,15.4,30.8,53.8,30.8,33.3,66.7,100,0.0,50.0,50.0
Gordon Hayward,BOS,29,9,5,4,29.6,65.7,34.3,46.5,9.3,31.4,15.1,22.1,12.8,37.2,45.0,55.0,88.9,11.1,58.6,41.4
Grayson Allen,UTA,23,2,0,2,7.0,57.1,42.9,44.4,0.0,0.0,0.0,55.6,22.2,44.4,0.0,100,0.0,0.0,0.0,100
Greg Monroe,PHI,29,10,6,4,9.0,90.0,10.0,75.0,5.0,7.5,5.0,17.5,12.5,70.0,60.0,40.0,100,0.0,62.5,37.5
Guerschon Yabusele,BOS,23,4,2,2,3.5,75.0,25.0,50.0,0.0,0.0,37.5,50.0,37.5,50.0,50.0,50.0,0.0,0.0,50.0,50.0
Iman Shumpert,HOU,29,8,4,4,13.7,15.4,84.6,13.8,6.9,82.8,10.3,3.4,10.3,6.9,100,0.0,87.5,12.5,90.0,10.0
Isaiah Hartenstein,HOU,21,2,1,1,1.1,100,0.0,100,0.0,0.0,0.0,0.0,0.0,100,50.0,50.0,0.0,0.0,50.0,50.0
Ish Smith,DET,30,4,0,4,20.2,81.6,18.4,75.0,25.0,12.5,0.0,12.5,12.5,50.0,0.0,100,100,0.0,10.0,90.0
Ivica Zubac,LAC,22,4,1,3,9.7,100,0.0,90.0,10.0,0.0,0.0,10.0,10.0,80.0,44.4,55.6,0.0,0.0,44.4,55.6
JJ Redick,PHI,35,12,7,5,31.3,29.8,70.2,22.4,17.4,67.1,9.3,10.6,12.4,5.0,94.4,5.6,88.9,11.1,90.7,9.3
JaMychal Green,LAC,29,6,2,4,23.5,46.5,53.5,33.3,6.1,54.5,15.2,12.1,19.7,27.3,81.8,18.2,100,0.0,91.3,8.7
Jacob Evans,GSW,22,7,5,2,2.5,60.0,40.0,40.0,40.0,60.0,0.0,0.0,0.0,0.0,100,0.0,100,0.0,100,0.0
Jae Crowder,UTA,28,5,1,4,26.0,34.8,65.2,28.1,0.0,47.4,8.8,24.6,19.3,28.1,50.0,50.0,100,0.0,76.5,23.5
Jake Layman,POR,25,6,3,3,3.4,28.6,71.4,40.0,0.0,0.0,0.0,60.0,0.0,40.0,100,0.0,0.0,0.0,100,0.0
Jakob Poeltl,SAS,23,7,3,4,25.3,97.2,2.8,90.2,0.0,0.0,3.9,9.8,11.8,90.2,73.9,26.1,0.0,0.0,73.9,26.1
Jamal Murray,DEN,22,14,7,7,36.3,67.1,32.9,53.0,14.1,28.2,6.4,18.8,12.4,38.9,49.4,50.6,50.0,50.0,49.5,50.5
James Ennis III,PHI,28,11,7,4,21.1,50.0,50.0,53.0,4.8,32.5,13.3,14.5,15.7,48.2,59.1,40.9,100,0.0,71.0,29.0
James Harden,HOU,29,11,6,5,38.6,48.1,51.9,35.1,1.1,41.4,4.6,23.6,14.7,33.9,11.5,88.5,12.5,87.5,11.9,88.1
Jared Dudley,BKN,33,4,1,3,20.6,18.2,81.8,16.7,16.7,50.0,0.0,33.3,41.7,0.0,100,0.0,100,0.0,100,0.0
Jarell Martin,ORL,25,3,0,3,6.1,22.2,77.8,40.0,0.0,60.0,0.0,0.0,0.0,40.0,100,0.0,100,0.0,100,0.0
Jarred Vanderbilt,DEN,20,3,1,2,1.6,0.0,0.0,0.0,0.0,0.0,0.0,0.0,0.0,0.0,0.0,0.0,0.0,0.0,0.0,0.0
Jarrett Allen,BKN,21,5,1,4,22.0,100,0.0,69.1,0.0,0.0,3.6,30.9,23.6,69.1,84.2,15.8,0.0,0.0,84.2,15.8
Jaylen Brown,BOS,22,9,5,4,30.4,54.0,46.0,48.0,4.8,33.6,21.6,18.4,15.2,43.2,60.0,40.0,92.9,7.1,70.5,29.5
Jayson Tatum,BOS,21,9,5,4,32.8,72.3,27.7,56.9,20.4,21.9,27.7,21.2,16.8,36.5,59.0,41.0,100,0.0,67.3,32.7
Jerami Grant,OKC,25,5,1,4,35.2,50.0,50.0,37.9,3.4,46.6,12.1,15.5,17.2,34.5,72.7,27.3,100,0.0,85.0,15.0
Jeremy Lin,TOR,30,8,7,1,3.4,77.8,22.2,22.2,22.2,33.3,0.0,44.4,33.3,0.0,0.0,100,0.0,100,0.0,100
Jerian Grant,ORL,26,3,0,3,4.7,30.0,70.0,80.0,40.0,0.0,0.0,20.0,0.0,40.0,50.0,50.0,0.0,0.0,50.0,50.0
Jerome Robinson,LAC,22,5,1,4,9.2,57.1,42.9,22.2,0.0,50.0,22.2,27.8,11.1,22.2,50.0,50.0,100,0.0,80.0,20.0
Jimmy Butler,PHI,29,12,7,5,35.1,74.3,25.7,57.5,10.3,15.5,13.3,27.0,15.0,47.2,34.3,65.7,75.0,25.0,40.5,59.5
Jodie Meeks,TOR,31,14,9,5,4.8,55.2,44.8,63.6,27.3,27.3,0.0,9.1,0.0,36.4,85.7,14.3,50.0,50.0,77.8,22.2
Joe Harris,BKN,27,5,1,4,29.9,51.2,48.8,54.5,9.1,27.3,11.4,18.2,20.5,45.5,83.3,16.7,100,0.0,87.5,12.5
Joe Ingles,UTA,31,5,1,4,30.1,21.6,78.4,25.0,0.0,75.0,18.8,0.0,46.9,25.0,75.0,25.0,87.5,12.5,83.3,16.7
Joel Embiid,PHI,25,11,6,5,30.4,75.5,24.5,50.5,6.3,16.2,1.4,33.3,13.1,44.1,66.1,33.9,100,0.0,72.1,27.9
Jon Leuer,DET,30,1,0,1,4.9,100,0.0,100,0.0,0.0,0.0,0.0,0.0,100,100,0.0,0.0,0.0,100,0.0
Jonah Bolden,PHI,23,10,7,3,7.9,15.8,84.2,12.5,0.0,75.0,18.8,12.5,31.3,12.5,0.0,100,100,0.0,80.0,20.0
Jonas Jerebko,GSW,32,16,11,5,7.6,54.8,45.2,41.2,17.6,44.1,17.6,14.7,20.6,23.5,85.7,14.3,100,0.0,91.7,8.3
Jonathan Isaac,ORL,21,5,1,4,27.3,50.0,50.0,42.4,6.1,36.4,0.0,21.2,9.1,36.4,42.9,57.1,100,0.0,63.6,36.4
Jonathon Simmons,PHI,29,7,5,2,7.4,66.7,33.3,64.0,32.0,24.0,44.0,12.0,16.0,32.0,25.0,75.0,100,0.0,40.0,60.0
Jordan Bell,GSW,24,15,11,4,7.0,100,0.0,82.9,19.5,0.0,14.6,17.1,4.9,63.4,70.6,29.4,0.0,0.0,70.6,29.4
Jose Calderon,DET,37,3,0,3,3.2,0.0,0.0,0.0,0.0,0.0,0.0,0.0,0.0,0.0,0.0,0.0,0.0,0.0,0.0,0.0
Juancho Hernangomez,DEN,23,5,3,2,2.9,33.3,66.7,0.0,0.0,100,0.0,0.0,0.0,0.0,0.0,0.0,100,0.0,100,0.0
Kawhi Leonard,TOR,28,24,16,8,39.1,70.8,29.2,51.4,15.8,22.5,17.2,26.1,16.5,35.5,28.2,71.8,50.9,49.1,33.3,66.7
Kenneth Faried,HOU,29,6,4,2,9.4,92.3,7.7,66.7,0.0,12.5,8.3,20.8,16.7,66.7,75.0,25.0,100,0.0,77.8,22.2
Kevin Durant,GSW,30,12,8,4,36.8,67.1,32.9,46.5,23.3,27.1,14.0,26.4,14.2,23.3,55.6,44.4,65.7,34.3,58.4,41.6
Kevon Looney,GSW,23,21,14,7,20.5,100,0.0,85.9,6.7,0.0,8.7,14.1,8.7,79.2,81.3,18.8,0.0,0.0,81.3,18.8
Khem Birch,ORL,26,5,1,4,18.3,100,0.0,76.9,0.0,0.0,7.7,23.1,19.2,76.9,80.0,20.0,0.0,0.0,80.0,20.0
Khris Middleton,MIL,27,15,10,5,34.3,54.2,45.8,34.6,20.5,47.2,20.9,18.1,11.8,14.2,45.5,54.5,67.5,32.5,56.0,44.0
Khyri Thomas,DET,23,3,0,3,5.0,66.7,33.3,71.4,42.9,21.4,14.3,7.1,21.4,28.6,60.0,40.0,100,0.0,66.7,33.3
Klay Thompson,GSW,29,21,14,7,39.0,56.1,43.9,43.2,23.0,48.3,14.7,8.5,19.1,20.2,73.4,26.6,88.6,11.4,79.9,20.1
Kyle Korver,UTA,38,4,1,3,7.4,25.0,75.0,20.0,20.0,60.0,0.0,20.0,0.0,0.0,100,0.0,100,0.0,100,0.0
Kyle Lowry,TOR,33,24,16,8,37.5,47.7,52.3,38.8,5.5,43.2,19.7,18.0,16.3,33.2,30.0,70.0,76.9,23.1,50.0,50.0
Kyle O'Quinn,IND,29,1,0,1,1.6,0.0,0.0,0.0,0.0,0.0,0.0,0.0,0.0,0.0,0.0,0.0,0.0,0.0,0.0,0.0
Kyrie Irving,BOS,27,9,5,4,36.7,67.6,32.4,53.1,19.8,28.1,15.6,18.8,12.5,33.3,7.8,92.2,66.7,33.3,23.2,76.8
LaMarcus Aldridge,SAS,33,7,3,4,34.9,90.9,9.1,74.3,24.3,6.4,4.3,19.3,13.6,50.0,59.6,40.4,100,0.0,61.8,38.2
Landry Shamet,LAC,22,6,2,4,29.0,18.4,81.6,13.0,0.0,65.2,19.6,21.7,13.0,13.0,66.7,33.3,100,0.0,92.3,7.7
Langston Galloway,DET,27,4,0,4,27.5,26.5,73.5,12.9,12.9,87.1,9.7,0.0,0.0,0.0,0.0,100,100,0.0,81.8,18.2
Lonnie Walker IV,SAS,20,6,3,3,3.5,87.5,12.5,100,33.3,0.0,0.0,0.0,0.0,66.7,33.3,66.7,0.0,0.0,33.3,66.7
Lou Williams,LAC,32,6,2,4,29.4,82.7,17.3,60.0,23.1,13.8,16.9,26.2,23.1,36.9,20.5,79.5,66.7,33.3,26.7,73.3
Luke Kennard,DET,23,4,0,4,33.2,68.1,31.9,46.7,33.3,45.0,25.0,8.3,31.7,13.3,71.4,28.6,100,0.0,82.6,17.4
Malcolm Brogdon,MIL,26,7,3,4,28.3,52.6,47.4,46.2,4.4,46.2,25.3,7.7,12.1,41.8,57.1,42.9,100,0.0,74.3,25.7
Malcolm Miller,TOR,26,10,7,3,2.8,25.0,75.0,25.0,0.0,37.5,25.0,37.5,37.5,25.0,100,0.0,100,0.0,100,0.0
Malik Beasley,DEN,22,14,7,7,20.1,49.5,50.5,30.1,7.1,50.4,16.8,19.5,8.8,23.0,64.7,35.3,78.9,21.1,72.2,27.8
Marc Gasol,TOR,34,24,16,8,30.6,50.6,49.4,37.2,9.7,45.1,5.3,17.7,19.5,27.4,88.1,11.9,97.1,2.9,92.1,7.9
Marco Belinelli,SAS,33,7,3,4,18.8,44.7,55.3,29.3,14.6,58.5,14.6,12.2,12.2,14.6,50.0,50.0,100,0.0,78.6,21.4
Marcus Morris,BOS,29,9,5,4,28.3,49.4,50.6,37.4,14.6,43.9,7.3,18.7,6.5,22.8,56.5,43.5,100,0.0,75.6,24.4
Marcus Smart,BOS,25,2,0,2,16.2,0.0,100,0.0,0.0,42.9,0.0,57.1,42.9,0.0,0.0,0.0,100,0.0,100,0.0
Markieff Morris,OKC,29,5,1,4,11.8,56.3,43.8,31.6,0.0,31.6,10.5,36.8,21.1,31.6,66.7,33.3,100,0.0,80.0,20.0
Mason Plumlee,DEN,29,14,7,7,15.6,97.9,2.1,75.0,0.0,0.0,14.1,25.0,14.1,75.0,45.8,54.2,0.0,0.0,45.8,54.2
Maurice Harkless,POR,26,16,8,8,24.2,74.3,25.7,67.2,0.0,15.7,13.4,17.2,12.7,67.2,68.9,31.1,100,0.0,73.1,26.9
Melvin Frazier Jr.,ORL,22,3,0,3,4.9,100,0.0,80.0,40.0,0.0,0.0,20.0,60.0,40.0,100,0.0,0.0,0.0,100,0.0
Meyers Leonard,POR,27,11,5,6,15.5,49.2,50.8,47.1,7.1,49.4,9.4,3.5,5.9,40.0,90.0,10.0,100,0.0,94.1,5.9
Michael Carter-Williams,ORL,27,5,1,4,18.5,74.2,25.8,60.6,6.1,18.2,12.1,21.2,0.0,54.5,40.0,60.0,50.0,50.0,41.7,58.3
Mike Scott,PHI,30,10,6,4,19.3,27.7,72.3,32.1,7.1,64.3,10.7,3.6,7.1,25.0,88.9,11.1,100,0.0,95.2,4.8
Monte Morris,DEN,24,14,7,7,16.0,84.9,15.1,88.0,29.3,0.0,25.3,12.0,13.3,58.7,45.5,54.5,0.0,0.0,45.5,54.5
Montrezl Harrell,LAC,25,6,2,4,26.3,98.4,1.6,83.6,3.6,0.0,8.2,16.4,18.2,80.0,73.9,26.1,0.0,0.0,73.9,26.1
Myles Turner,IND,23,4,0,4,31.5,60.0,40.0,56.4,25.6,23.1,0.0,20.5,5.1,30.8,90.9,9.1,100,0.0,92.9,7.1
Nene,HOU,36,7,3,4,7.5,100,0.0,74.1,7.4,0.0,0.0,25.9,7.4,66.7,50.0,50.0,0.0,0.0,50.0,50.0
Nerlens Noel,OKC,25,5,1,4,12.1,100,0.0,100,0.0,0.0,8.3,0.0,16.7,100,75.0,25.0,0.0,0.0,75.0,25.0
Nikola Jokic,DEN,24,14,7,7,39.7,78.5,21.5,62.5,9.1,18.8,1.7,18.8,6.0,53.4,57.3,42.7,81.8,18.2,61.4,38.6
Nikola Mirotic,MIL,28,14,10,4,21.3,35.0,65.0,33.1,7.5,49.6,6.8,17.3,7.5,25.6,54.5,45.5,100,0.0,77.3,22.7
Nikola Vucevic,ORL,28,5,1,4,29.5,77.6,22.4,64.3,14.3,16.1,7.1,19.6,30.4,50.0,77.8,22.2,100,0.0,81.0,19.0
Norman Powell,TOR,26,23,15,8,15.9,50.8,49.2,42.7,4.0,48.0,20.7,9.3,13.3,38.7,68.8,31.3,83.3,16.7,75.0,25.0
PJ Tucker,HOU,34,11,6,5,38.7,35.2,64.8,22.4,0.0,62.4,5.6,15.2,29.6,22.4,64.3,35.7,100,0.0,87.5,12.5
Pascal Siakam,TOR,25,24,16,8,37.1,72.8,27.2,66.4,7.5,19.1,19.1,14.5,20.0,58.9,54.3,45.7,96.6,3.4,61.1,38.9
Pat Connaughton,MIL,26,15,10,5,21.6,45.5,54.5,47.3,2.2,48.4,15.1,4.3,18.3,45.2,72.7,27.3,100,0.0,83.8,16.2
Patrick Beverley,LAC,30,6,2,4,32.4,36.2,63.8,23.7,0.0,66.1,23.7,10.2,5.1,23.7,28.6,71.4,76.9,23.1,60.0,40.0
Patrick McCaw,TOR,23,11,8,3,4.4,40.0,60.0,0.0,0.0,60.0,0.0,40.0,40.0,0.0,0.0,0.0,100,0.0,100,0.0
Patty Mills,SAS,30,7,3,4,21.8,48.8,51.2,59.5,16.2,24.3,0.0,16.2,0.0,43.2,18.2,81.8,66.7,33.3,28.6,71.4
Paul George,OKC,29,5,1,4,40.8,53.5,46.5,40.6,14.0,31.5,9.1,28.0,9.8,26.6,41.4,58.6,86.7,13.3,56.8,43.2
Paul Millsap,DEN,34,14,7,7,33.5,75.6,24.4,59.5,7.8,17.6,5.4,22.9,13.7,51.7,52.5,47.5,100,0.0,60.3,39.7
Quincy Pondexter,SAS,31,5,2,3,2.4,50.0,50.0,0.0,0.0,0.0,0.0,0.0,0.0,0.0,0.0,0.0,0.0,0.0,0.0,0.0
Quinn Cook,GSW,26,17,11,6,11.4,51.4,48.6,47.9,19.7,46.5,23.9,5.6,12.7,28.2,47.1,52.9,72.7,27.3,57.1,42.9
Raul Neto,UTA,27,3,0,3,6.5,83.3,16.7,100,0.0,0.0,100,0.0,0.0,100,100,0.0,0.0,0.0,100,0.0
Raymond Felton,OKC,35,5,1,4,11.4,38.5,61.5,36.4,36.4,54.5,45.5,9.1,0.0,0.0,0.0,100,100,0.0,50.0,50.0
Reggie Jackson,DET,29,4,0,4,26.9,67.7,32.3,53.5,8.5,38.0,12.7,8.5,18.3,45.1,10.5,89.5,77.8,22.2,32.1,67.9
Ricky Rubio,UTA,28,5,1,4,33.5,69.7,30.3,62.3,10.4,15.6,16.9,22.1,28.6,51.9,45.8,54.2,100,0.0,53.6,46.4
Robert Williams III,BOS,21,3,2,1,4.2,100,0.0,50.0,0.0,0.0,0.0,50.0,0.0,50.0,100,0.0,0.0,0.0,100,0.0
Rodions Kurucs,BKN,21,4,1,3,17.1,60.0,40.0,48.0,8.0,24.0,4.0,28.0,16.0,40.0,66.7,33.3,100,0.0,75.0,25.0
Rodney Hood,POR,26,16,8,8,23.3,54.1,45.9,43.0,15.2,34.2,7.6,22.8,10.1,27.8,35.3,64.7,83.3,16.7,51.9,48.1
Rondae Hollis-Jefferson,BKN,24,4,0,4,15.6,97.0,3.0,56.6,11.3,5.7,13.2,37.7,7.5,45.3,93.3,6.7,0.0,100,87.5,12.5
Royce O'Neale,UTA,26,5,1,4,27.4,48.9,51.1,49.1,0.0,45.3,13.2,5.7,24.5,49.1,76.9,23.1,87.5,12.5,81.0,19.0
Rudy Gay,SAS,32,7,3,4,25.5,72.9,27.1,51.3,17.9,30.8,6.4,17.9,6.4,33.3,45.0,55.0,87.5,12.5,57.1,42.9
Rudy Gobert,UTA,27,5,1,4,30.4,100,0.0,67.9,0.0,0.0,7.1,32.1,21.4,67.9,73.7,26.3,0.0,0.0,73.7,26.3
Russell Westbrook,OKC,30,5,1,4,39.4,69.4,30.6,50.9,14.0,28.9,18.4,20.2,12.3,36.8,13.8,86.2,90.9,9.1,35.0,65.0
Semi Ojeleye,BOS,24,6,2,4,5.8,44.4,55.6,15.4,0.0,69.2,0.0,15.4,23.1,15.4,0.0,100,100,0.0,75.0,25.0
Serge Ibaka,TOR,29,24,16,8,20.8,80.3,19.7,73.8,14.2,12.0,6.2,14.2,13.3,59.6,78.3,21.7,88.9,11.1,79.3,20.7
Seth Curry,POR,28,16,8,8,20.4,36.6,63.4,20.0,8.9,70.0,14.4,10.0,13.3,11.1,33.3,66.7,85.7,14.3,70.0,30.0
Shabazz Napier,BKN,27,3,0,3,9.4,54.5,45.5,33.3,16.7,37.5,16.7,29.2,8.3,16.7,0.0,100,0.0,100,0.0,100
Shai Gilgeous-Alexander,LAC,20,6,2,4,28.8,70.0,30.0,46.3,12.2,32.9,13.4,20.7,19.5,34.1,42.1,57.9,100,0.0,60.7,39.3
Shaun Livingston,GSW,33,22,14,8,14.6,97.3,2.7,76.4,13.5,0.0,18.0,23.6,18.0,62.9,76.5,23.5,0.0,0.0,76.5,23.5
Sindarius Thornwell,LAC,24,4,1,3,2.9,50.0,50.0,40.0,0.0,60.0,40.0,0.0,40.0,40.0,100,0.0,0.0,100,50.0,50.0
Skal Labissiere,POR,23,3,1,2,3.5,50.0,50.0,100,0.0,0.0,0.0,0.0,0.0,100,0.0,100,0.0,0.0,0.0,100
Spencer Dinwiddie,BKN,26,5,1,4,26.3,61.3,38.7,49.3,0.0,37.0,17.8,13.7,16.4,49.3,44.4,55.6,44.4,55.6,44.4,55.6
Stephen Curry,GSW,31,22,14,8,38.4,43.4,56.6,31.6,11.6,44.5,15.6,23.9,18.5,20.0,38.8,61.2,57.6,42.4,47.9,52.1
Sterling Brown,MIL,24,11,8,3,14.7,44.7,55.3,35.6,0.0,46.7,13.3,17.8,4.4,35.6,62.5,37.5,100,0.0,80.0,20.0
Steven Adams,OKC,25,5,1,4,31.8,97.6,2.4,94.9,0.0,0.0,10.2,5.1,15.3,94.9,89.3,10.7,0.0,0.0,89.3,10.7
T.J. McConnell,PHI,27,9,6,3,8.3,100,0.0,100,25.0,0.0,8.3,0.0,8.3,75.0,41.7,58.3,0.0,0.0,41.7,58.3
TJ Leaf,IND,22,1,0,1,9.8,66.7,33.3,0.0,0.0,0.0,0.0,100,0.0,0.0,0.0,0.0,0.0,0.0,0.0,0.0
Terrance Ferguson,OKC,21,5,1,4,25.6,28.0,72.0,16.0,0.0,84.0,40.0,0.0,12.0,16.0,100,0.0,100,0.0,100,0.0
Terrence Ross,ORL,28,5,1,4,29.2,35.2,64.8,24.2,3.0,54.5,21.2,21.2,24.2,21.2,50.0,50.0,75.0,25.0,65.0,35.0
Terry Rozier,BOS,25,9,5,4,18.0,42.4,57.6,37.9,6.9,41.4,15.5,20.7,13.8,31.0,27.3,72.7,75.0,25.0,47.4,52.6
Thabo Sefolosha,UTA,35,4,1,3,10.5,42.9,57.1,40.0,0.0,60.0,0.0,0.0,0.0,40.0,100,0.0,100,0.0,100,0.0
Thaddeus Young,IND,31,4,0,4,32.6,81.0,19.0,76.2,9.5,14.3,14.3,9.5,19.0,66.7,68.8,31.3,100,0.0,72.2,27.8
Theo Pinson,BKN,23,3,0,3,7.3,12.5,87.5,0.0,0.0,100,33.3,0.0,0.0,0.0,0.0,0.0,0.0,100,0.0,100
Thon Maker,DET,22,4,0,4,17.1,53.8,46.2,63.6,9.1,0.0,18.2,36.4,18.2,54.5,100,0.0,0.0,0.0,100,0.0
Tim Frazier,MIL,28,11,9,2,3.6,53.8,46.2,47.6,0.0,42.9,9.5,9.5,19.0,47.6,20.0,80.0,66.7,33.3,37.5,62.5
Tobias Harris,PHI,26,12,7,5,36.9,62.3,37.7,52.7,17.2,35.5,10.8,11.8,16.7,35.5,40.8,59.2,95.5,4.5,57.7,42.3
Tony Snell,MIL,27,9,7,2,3.2,66.7,33.3,40.0,0.0,60.0,0.0,0.0,40.0,40.0,100,0.0,100,0.0,100,0.0
Torrey Craig,DEN,28,14,7,7,23.6,47.8,52.2,34.8,0.0,55.4,7.6,9.8,10.9,34.8,68.8,31.3,100,0.0,84.8,15.2
Treveon Graham,BKN,25,5,1,4,15.7,30.0,70.0,57.1,0.0,0.0,28.6,42.9,28.6,57.1,50.0,50.0,0.0,0.0,50.0,50.0
Trey Lyles,DEN,23,3,1,2,2.7,66.7,33.3,0.0,0.0,0.0,0.0,0.0,0.0,0.0,0.0,0.0,0.0,0.0,0.0,0.0
Tyreke Evans,IND,29,4,0,4,21.0,58.3,41.7,32.8,0.0,54.1,18.0,13.1,24.6,32.8,30.0,70.0,54.5,45.5,42.9,57.1
Tyrone Wallace,LAC,25,2,0,2,5.5,100,0.0,50.0,0.0,0.0,0.0,50.0,50.0,50.0,0.0,100,0.0,0.0,0.0,100
Wayne Ellington,DET,31,4,0,4,32.8,37.1,62.9,25.8,19.4,67.7,6.5,6.5,0.0,6.5,75.0,25.0,71.4,28.6,72.7,27.3
Wes Iwundu,ORL,24,5,1,4,12.0,50.0,50.0,25.0,0.0,37.5,20.8,37.5,16.7,25.0,66.7,33.3,100,0.0,83.3,16.7
Wesley Matthews,IND,32,4,0,4,29.7,30.0,70.0,14.3,0.0,75.0,17.9,10.7,35.7,14.3,50.0,50.0,100,0.0,88.9,11.1
Will Barton,DEN,28,14,7,7,23.4,59.3,40.7,50.4,6.3,35.4,11.0,14.2,8.7,44.1,34.4,65.6,100,0.0,55.3,44.7
Wilson Chandler,LAC,32,4,1,3,13.1,37.5,62.5,53.3,13.3,20.0,26.7,26.7,13.3,40.0,75.0,25.0,100,0.0,80.0,20.0
Zach Collins,POR,21,16,8,8,17.2,74.1,25.9,62.4,7.3,19.3,4.6,18.3,6.4,55.0,85.3,14.7,100,0.0,87.8,12.2
Zaza Pachulia,DET,35,2,0,2,10.9,100,0.0,80.0,0.0,0.0,0.0,20.0,40.0,80.0,100,0.0,0.0,0.0,100,0.0
Zhaire Smith,PHI,20,2,0,2,2.8,0.0,0.0,0.0,0.0,0.0,0.0,0.0,0.0,0.0,0.0,0.0,0.0,0.0,0.0,0.0
