PLAYER,TEAM,AGE,GP,W,L,MIN,OFF_RATING,DEF_RATING,NET_RATING,AST_PCT,AST_TO,AST_RATIO,OREB_PCT,DREB_PCT,REB_PCT,TM_TOV_PCT,EFG_PCT,TS_PCT,USG_PCT,PACE,PIE
Aaron McKie,PHI,26,6,2,4,16.3,88.0,88.9,-0.9,18.6,11.00,28.9,3.8,10.2,7.0,2.6,30.4,38.3,11.9,96.18,7.1
Adam Keefe,UTA,29,10,5,5,10.1,95.8,100.5,-4.7,5.9,0.38,7.0,8.4,18.5,13.7,18.6,60.0,63.7,18.4,91.00,14.0
Alan Henderson,ATL,26,1,1,0,4.3,112.5,166.7,-54.2,0.0,0.00,0.0,0.0,0.0,0.0,0.0,0.0,0.0,0.0,95.25,-4.3
Allan Houston,NYK,28,20,12,8,39.2,96.8,94.2,2.6,13.0,1.02,11.4,0.8,6.3,3.6,11.2,45.7,52.8,24.1,88.12,11.2
Allen Iverson,PHI,24,8,3,5,45.0,102.5,100.6,1.9,21.8,1.63,13.0,3.7,5.4,4.5,8.0,44.6,48.1,32.2,89.45,13.0
Alonzo Mourning,MIA,29,5,2,3,38.9,92.8,98.2,-5.4,5.6,0.33,3.6,4.0,18.8,11.5,10.7,52.1,57.1,29.1,81.97,18.0
Andrae Patterson,MIN,23,2,0,2,3.4,133.3,100.0,33.3,25.0,2.00,66.7,20.0,50.0,36.4,33.3,0.0,0.0,5.9,106.40,10.6
Anfernee Hardaway,ORL,27,4,1,3,41.7,94.0,102.9,-8.9,30.6,1.83,20.0,5.3,6.7,6.0,10.9,40.4,51.2,23.7,91.04,11.8
Anthony Johnson,ATL,24,9,3,6,12.5,88.2,93.3,-5.0,18.2,2.00,20.4,2.9,5.8,4.4,10.2,29.3,35.9,16.5,88.15,2.1
Anthony Peeler,MIN,29,4,1,3,31.1,91.3,100.0,-8.7,8.0,1.50,13.3,5.3,7.9,6.5,8.9,38.6,38.6,14.2,88.46,2.7
Antoine Carr,HOU,37,4,1,3,9.4,108.5,91.9,16.6,18.2,1.00,21.1,7.9,10.5,9.2,21.1,36.4,36.4,18.3,92.88,-12.2
Antonio Daniels,SAS,24,15,13,2,6.9,91.8,85.6,6.2,29.6,1.60,32.0,1.0,7.9,4.7,20.0,52.4,57.1,14.2,96.06,12.1
Antonio Davis,IND,30,13,9,4,25.1,99.5,99.0,0.5,4.7,0.40,6.2,7.5,22.0,14.9,15.4,41.3,50.4,17.5,89.59,10.2
Armen Gilliam,MIL,35,3,0,3,11.6,90.5,106.6,-16.1,7.7,1.00,5.3,0.0,13.5,7.2,5.3,40.0,49.4,25.4,85.62,13.1
Arvydas Sabonis,POR,34,13,7,6,30.1,99.1,92.3,6.8,14.0,1.53,16.0,3.5,27.1,15.8,10.5,40.3,49.3,19.1,85.93,15.8
Austin Croshere,IND,24,1,1,0,0.8,400.0,0.0,400.0,0.0,0.00,0.0,100,0.0,50.0,0.0,0.0,53.2,50.0,62.88,37.5
Avery Johnson,SAS,34,17,15,2,38.5,102.6,92.8,9.8,35.9,2.52,32.8,1.6,4.9,3.4,13.0,48.9,51.8,19.3,87.59,12.1
B.J. Armstrong,ORL,31,2,0,2,1.6,62.5,44.4,18.1,100,1.00,33.3,0.0,0.0,0.0,33.3,0.0,0.0,18.2,130.91,36.4
Bison Dele,DET,30,5,2,3,24.4,109.0,101.5,7.6,1.5,0.14,1.9,11.2,21.7,16.1,13.5,60.0,60.3,21.4,79.35,10.3
Bo Outlaw,ORL,28,4,1,3,20.8,88.3,98.8,-10.4,5.1,0.33,8.3,3.1,13.3,8.1,25.0,60.0,57.3,11.2,94.17,6.2
Bobby Jackson,MIN,26,4,1,3,6.4,85.4,88.2,-2.8,15.4,2.00,15.4,4.3,11.1,8.0,7.7,20.0,20.0,20.0,92.49,-5.0
Brent Price,HOU,30,4,1,3,24.4,104.6,102.6,2.0,24.6,2.33,29.8,2.8,4.8,3.8,12.8,56.3,61.9,14.1,94.54,11.0
Brian Grant,POR,27,13,7,6,37.1,101.6,100.6,1.1,6.0,0.67,7.5,7.9,19.3,13.7,11.2,52.9,56.7,17.7,85.48,11.9
Bryce Drew,HOU,24,1,0,1,4.0,122.2,80.0,42.2,66.7,0.00,50.0,20.0,40.0,30.0,0.0,100,53.2,18.2,113.06,28.0
Bryon Russell,UTA,28,11,5,6,35.2,99.9,97.3,2.5,6.5,1.18,8.4,4.6,13.8,9.2,7.1,46.5,50.8,17.2,88.04,10.2
Charles Barkley,HOU,36,4,1,3,39.2,102.3,110.3,-8.0,20.0,1.88,14.3,8.0,27.1,17.4,7.6,54.4,57.9,25.5,93.32,20.3
Charles O'Bannon,DET,24,4,1,3,2.3,65.0,64.7,0.3,25.0,0.33,14.3,14.3,0.0,5.3,42.9,66.7,66.7,28.6,97.23,5.7
Charlie Ward,NYK,28,20,12,8,24.7,94.9,95.5,-0.7,25.3,3.13,38.3,2.4,7.1,4.7,12.2,46.2,47.7,11.5,89.32,9.3
Chris Childs,NYK,31,20,12,8,24.7,100.2,93.5,6.7,24.7,2.43,35.3,1.8,8.3,5.1,14.5,40.3,45.0,13.2,86.74,5.7
Chris Crawford,ATL,24,6,2,4,20.8,90.9,96.5,-5.6,9.3,0.83,7.1,4.1,11.4,7.3,8.6,37.5,49.6,23.1,88.27,7.5
Chris Dudley,NYK,34,18,11,7,16.3,93.2,96.9,-3.7,2.9,0.56,7.7,9.8,20.6,15.1,13.8,42.1,42.7,9.6,90.18,2.8
Chris Gatling,MIL,31,2,0,2,6.2,62.5,125.0,-62.5,0.0,0.00,0.0,6.7,13.3,10.0,40.0,0.0,0.0,20.0,92.43,-16.9
Chris Morris,PHX,33,1,0,1,9.4,119.0,115.0,4.0,0.0,0.00,0.0,0.0,16.7,5.9,0.0,125.0,86.8,12.5,104.50,6.8
Chris Mullin,IND,35,13,9,4,21.8,105.1,98.3,6.8,8.9,0.75,10.3,0.8,6.4,3.8,13.8,52.0,56.3,21.3,89.88,8.1
Chris Webber,SAC,26,5,2,3,38.3,90.8,101.1,-10.3,22.7,1.00,15.2,6.6,18.0,12.2,15.2,40.0,40.7,26.5,91.08,8.3
Christian Laettner,DET,29,5,2,3,24.5,97.1,101.4,-4.3,19.3,3.67,16.2,5.0,8.3,6.5,4.4,42.6,48.0,23.5,81.67,10.6
Clar. Weatherspoon,MIA,28,5,2,3,22.3,105.2,100.0,5.2,3.6,0.67,5.1,4.3,18.3,11.2,7.7,34.6,43.3,17.1,82.73,8.7
Clifford Robinson,PHX,32,3,0,3,39.1,100.4,114.8,-14.4,11.9,1.14,13.3,5.7,10.8,7.8,11.7,50.0,52.4,20.2,93.20,7.5
Corliss Williamson,SAC,25,5,2,3,25.9,95.3,100.4,-5.1,8.6,1.00,10.7,5.8,7.1,6.5,10.7,57.5,59.7,17.1,93.74,8.6
Cuttino Mobley,HOU,23,4,1,3,23.5,99.5,114.0,-14.5,19.3,2.20,30.6,0.0,4.4,2.2,13.9,60.0,70.6,12.3,92.26,6.7
Dale Davis,IND,30,13,9,4,30.3,103.7,101.1,2.6,4.8,0.52,8.3,11.9,21.9,17.0,15.9,58.4,59.6,14.0,89.42,13.2
Damon Stoudamire,POR,25,13,7,6,31.0,99.5,100.1,-0.7,34.3,1.92,28.6,1.9,8.9,5.5,14.9,41.9,45.8,21.7,87.16,8.1
Dan Majerle,MIA,33,5,2,3,30.2,91.9,98.5,-6.5,7.5,2.00,15.8,2.0,18.6,10.1,7.9,28.8,34.4,10.8,82.62,5.3
Dan Schayes,ORL,40,1,0,1,8.1,129.4,113.3,16.1,0.0,0.00,0.0,0.0,0.0,0.0,0.0,0.0,0.0,5.9,95.01,-3.0
Danny Manning,PHX,33,3,0,3,26.1,100.0,102.1,-2.1,15.8,2.00,15.4,0.0,8.6,3.9,7.7,58.3,63.9,20.9,87.98,11.7
Darrell Armstrong,ORL,31,4,1,3,40.7,95.1,104.9,-9.8,33.8,1.00,24.3,3.4,8.5,5.9,24.3,46.7,55.6,21.1,90.27,9.2
David Robinson,SAS,33,17,15,2,35.4,106.3,87.7,18.6,13.1,1.08,13.5,7.3,21.5,15.1,12.6,48.3,56.3,22.7,86.73,17.4
Dean Garrett,MIN,32,4,1,3,23.0,87.7,94.6,-6.9,9.8,2.50,18.5,8.6,8.4,8.5,7.4,55.6,54.5,10.8,85.71,5.5
Dell Curry,MIL,35,3,0,3,16.4,77.3,89.1,-11.8,4.5,0.00,5.6,0.0,6.6,3.6,0.0,16.7,26.8,16.2,92.19,-1.1
Derek Fisher,LAL,24,8,3,5,29.8,104.1,100.2,3.9,25.7,3.55,32.0,2.4,10.0,6.1,9.0,49.3,53.0,15.4,93.19,11.5
Derek Harper,LAL,37,7,3,4,16.0,92.5,105.5,-13.0,24.2,3.75,28.3,0.9,8.3,4.6,7.5,43.5,44.6,16.1,91.93,8.9
Derek Strong,ORL,31,1,0,1,16.4,72.2,94.3,-22.1,0.0,0.00,0.0,0.0,0.0,0.0,25.0,50.0,69.4,10.8,104.22,3.1
Derrick McKey,IND,32,13,9,4,18.8,102.9,99.3,3.5,14.0,1.73,23.2,7.5,11.3,9.4,13.4,37.5,45.7,12.1,89.11,5.2
Dikembe Mutombo,ATL,33,9,3,6,42.2,93.7,96.4,-2.7,5.9,0.61,9.1,9.4,25.9,17.2,14.9,56.3,61.6,13.9,83.96,18.3
Dominique Wilkins,ORL,39,1,0,1,2.6,57.1,142.9,-85.7,0.0,0.00,0.0,0.0,0.0,0.0,0.0,50.0,50.0,22.2,128.41,9.1
Don Reid,DET,25,4,2,2,5.1,66.7,76.2,-9.5,10.0,0.00,25.0,8.7,8.7,8.7,0.0,66.7,66.7,7.0,95.30,9.8
Duane Causwell,MIA,31,4,1,3,4.8,148.6,105.4,43.2,7.1,0.00,16.7,0.0,13.3,7.1,0.0,50.0,64.7,12.2,93.24,7.0
Ed Gray,ATL,23,8,2,6,9.0,81.5,89.0,-7.5,19.0,2.00,7.7,2.2,12.5,6.2,3.8,41.5,48.0,28.9,90.48,17.2
Eric Montross,DET,27,5,2,3,14.2,88.6,105.4,-16.8,0.0,0.00,0.0,4.5,14.7,9.6,0.0,50.0,50.9,4.9,85.32,0.3
Eric Snow,PHI,26,8,3,5,38.1,99.1,97.9,1.2,31.0,2.28,31.3,0.9,10.0,5.3,13.7,43.8,49.6,18.0,90.09,10.8
Ervin Johnson,MIL,31,3,0,3,30.6,93.6,110.9,-17.3,1.9,0.00,7.1,9.4,12.0,10.7,0.0,46.2,46.8,6.6,90.32,5.7
Fred Hoiberg,IND,26,4,3,1,5.0,107.9,94.6,13.3,15.4,0.00,33.3,0.0,20.0,10.0,0.0,50.0,50.0,9.5,89.19,16.1
George Lynch,PHI,28,8,3,5,31.1,102.8,94.9,7.9,10.5,1.23,15.7,11.0,10.1,10.6,12.7,46.2,49.7,15.4,90.40,9.3
George McCloud,PHX,32,3,0,3,26.5,100.0,103.1,-3.1,4.7,0.67,5.1,2.3,17.2,8.7,7.7,58.3,61.0,20.4,95.56,12.2
Gerald Brown,PHX,23,1,0,1,1.0,200.0,100.0,100.0,0.0,0.00,0.0,0.0,0.0,0.0,0.0,100,100,100,75.79,57.1
Gerard King,SAS,26,8,7,1,1.4,75.0,113.3,-38.3,20.0,1.00,16.7,0.0,22.2,13.8,16.7,50.0,50.0,15.6,128.79,10.1
Glen Rice,LAL,32,7,2,5,43.8,102.7,104.2,-1.5,6.2,1.22,8.3,1.2,8.4,4.5,6.8,49.5,56.3,17.8,92.46,10.1
Glenn Robinson,MIL,26,3,0,3,39.2,112.2,116.2,-4.1,7.1,0.50,6.7,3.9,18.6,11.6,13.3,45.1,52.6,27.3,90.73,11.8
Grant Hill,DET,26,5,2,3,35.0,101.7,105.6,-4.0,45.1,3.08,25.0,4.5,20.6,12.2,8.1,45.7,49.0,32.8,82.04,21.4
Grant Long,ATL,33,9,3,6,39.8,94.3,96.0,-1.8,4.5,0.35,5.7,7.8,14.3,10.9,16.4,41.5,48.9,17.6,84.16,9.8
Greg Anthony,POR,31,13,7,6,17.3,98.8,97.3,1.4,30.8,3.56,28.8,1.9,4.9,3.4,8.1,40.0,47.9,17.2,87.20,8.6
Greg Foster,UTA,30,8,4,4,8.9,85.6,97.1,-11.5,2.4,0.33,4.3,1.7,9.2,6.0,13.0,42.1,42.1,14.4,94.15,0.3
Greg Ostertag,UTA,26,11,5,6,23.7,97.3,100.6,-3.3,3.9,0.75,9.5,7.3,18.7,13.1,12.7,37.1,46.5,10.4,88.24,7.1
Hakeem Olajuwon,HOU,36,4,1,3,31.0,100.0,109.2,-9.2,3.2,0.40,3.1,3.8,20.9,11.8,7.8,42.6,46.1,22.3,92.82,8.1
Harvey Grant,PHI,33,4,2,2,7.0,110.6,113.7,-3.1,0.0,0.00,0.0,3.4,14.3,8.0,0.0,100,100,1.7,84.56,5.2
Haywoode Workman,MIL,33,3,0,3,17.8,90.8,106.9,-16.1,25.0,1.00,25.9,1.9,3.6,2.8,25.9,36.4,47.7,17.5,89.47,2.6
Herb Williams,NYK,41,8,5,3,1.8,66.7,146.9,-80.2,0.0,0.00,0.0,0.0,20.0,8.3,0.0,20.0,20.0,12.2,111.16,-3.9
Horace Grant,ORL,33,4,1,3,32.1,92.2,103.7,-11.4,7.9,2.50,12.2,10.0,12.2,11.0,4.9,36.7,40.3,12.2,91.47,5.9
Howard Eisley,UTA,26,11,5,6,21.8,89.7,96.6,-7.0,26.7,1.60,23.9,1.3,6.9,4.2,14.9,40.1,48.4,19.9,89.14,7.7
Ike Austin,ORL,29,4,1,3,28.1,95.8,93.9,1.9,13.6,1.00,17.8,6.4,8.1,7.3,17.8,39.1,46.0,14.7,91.12,4.2
Isaiah Rider,POR,28,13,7,6,32.8,100.8,98.9,1.9,15.3,0.94,12.1,4.3,8.2,6.3,12.9,46.3,55.1,24.8,89.20,11.2
J.R. Reid,LAL,31,8,3,5,22.3,97.1,97.7,-0.6,2.5,1.50,8.1,4.8,18.9,11.6,5.4,35.7,41.2,8.6,92.12,3.6
Jacque Vaughn,UTA,24,2,1,1,3.0,143.8,94.1,49.6,22.2,0.00,50.0,0.0,0.0,0.0,0.0,75.0,75.0,10.0,133.48,7.3
Jalen Rose,IND,26,13,9,4,27.4,104.5,102.1,2.4,18.5,1.28,15.2,3.3,5.8,4.6,11.9,47.1,51.6,23.3,89.51,9.2
Jamal Mashburn,MIA,26,5,2,3,30.6,91.6,97.0,-5.4,14.9,1.00,13.7,2.6,6.8,4.5,13.7,44.9,47.2,20.7,82.23,5.6
James Robinson,MIN,28,4,1,3,2.3,66.7,75.0,-8.3,0.0,0.00,0.0,0.0,8.3,4.3,42.9,37.5,37.5,29.2,105.45,-32.3
Jaren Jackson,SAS,31,17,15,2,20.4,101.2,91.5,9.7,10.2,0.90,10.5,2.0,9.3,6.0,11.7,50.0,51.2,20.5,91.09,8.4
Jason Kidd,PHX,26,3,0,3,41.9,100.8,113.1,-12.3,40.3,3.44,36.0,0.8,6.6,3.3,10.5,46.5,48.8,20.0,95.25,9.1
Jason Williams,SAC,23,5,2,3,32.9,96.9,106.3,-9.4,20.2,1.54,24.7,1.2,10.1,5.6,16.0,45.6,51.1,16.4,93.36,7.4
Jeff Hornacek,UTA,36,11,5,6,27.6,101.4,100.4,1.1,16.4,2.17,16.7,3.0,11.0,6.9,7.7,49.5,55.6,19.8,88.79,11.9
Jeff Sheppard,ATL,24,4,2,2,3.1,117.4,87.5,29.9,20.0,0.00,40.0,16.7,0.0,9.1,0.0,0.0,0.0,12.0,90.60,2.0
Jerald Honeycutt,PHI,24,6,3,3,1.8,95.5,75.0,20.5,0.0,0.00,0.0,10.0,0.0,4.3,16.7,20.0,20.0,24.0,101.08,-37.9
Jermaine O'Neal,POR,20,9,4,5,6.0,94.1,88.1,6.0,3.4,0.50,5.3,13.1,15.3,14.2,10.5,40.0,45.8,14.4,93.08,4.0
Jerome James,SAC,23,1,0,1,3.7,87.5,142.9,-55.4,0.0,0.00,0.0,20.0,25.0,22.2,20.0,50.0,66.5,55.6,97.74,18.5
Jerome Kersey,SAS,37,14,13,1,10.8,93.2,85.3,8.0,5.0,0.67,7.1,7.5,12.7,10.3,10.7,36.0,39.1,15.8,88.34,5.3
Jerome Williams,DET,26,5,2,3,24.7,98.5,91.9,6.6,5.6,1.00,10.5,11.0,17.1,14.2,10.5,44.4,50.1,14.2,80.83,13.4
Jerry Stackhouse,DET,24,5,2,3,24.6,85.0,100.0,-15.0,10.7,0.60,8.8,2.4,4.6,3.4,14.7,41.3,47.9,24.8,83.74,5.1
Jim Jackson,POR,28,13,7,6,20.4,95.9,104.9,-9.0,17.3,1.06,15.0,3.2,8.7,6.0,14.2,39.6,52.5,19.5,88.16,8.6
Joe Dumars,DET,36,5,2,3,30.7,101.6,101.2,0.4,15.1,1.44,21.3,0.8,4.5,2.7,14.8,61.5,63.2,16.3,79.55,9.2
Joe Kleine,PHX,37,1,0,1,5.2,90.9,110.0,-19.1,0.0,0.00,0.0,0.0,33.3,14.3,0.0,50.0,50.0,18.2,97.08,9.4
Joe Smith,MIN,23,4,1,3,30.1,86.0,98.7,-12.7,7.7,1.00,9.6,8.1,14.2,11.0,9.6,29.7,35.9,17.9,91.57,3.8
John Stockton,UTA,37,11,5,6,32.0,102.9,93.6,9.3,45.5,2.97,37.4,3.4,7.1,5.3,12.6,41.9,48.7,20.4,89.36,13.5
Jon Barry,SAC,29,5,2,3,22.4,94.7,96.7,-2.0,17.3,1.00,16.1,2.6,6.4,4.5,16.1,42.6,50.9,19.8,89.36,8.6
Jud Buechler,DET,31,5,2,3,16.9,89.8,88.4,1.4,6.1,1.00,14.3,4.8,11.5,8.1,14.3,26.7,26.7,10.2,83.28,2.6
Karl Malone,UTA,35,11,5,6,41.0,102.2,97.8,4.4,23.9,1.30,15.4,8.5,20.2,14.4,11.9,41.7,49.2,30.0,87.21,17.1
Keith Askins,MIA,31,4,2,2,6.6,96.2,71.2,25.0,0.0,0.00,0.0,9.1,7.7,8.3,0.0,0.0,0.0,6.7,94.94,-7.6
Kelvin Cato,POR,24,8,3,5,5.3,93.8,110.1,-16.3,6.7,1.00,11.1,12.2,3.7,9.2,11.1,11.1,22.4,16.7,95.89,-12.4
Kevin Garnett,MIN,23,4,1,3,42.5,91.2,100.7,-9.4,19.2,1.15,12.8,8.9,20.3,14.2,11.1,44.3,48.8,27.6,86.47,17.1
Kobe Bryant,LAL,20,8,3,5,39.6,101.8,100.6,1.1,21.1,1.19,16.4,4.0,13.6,8.7,13.7,45.8,50.2,26.4,93.73,13.6
Kurt Thomas,NYK,26,20,12,8,21.1,96.9,88.8,8.1,2.8,0.37,4.5,9.2,17.6,13.4,12.3,38.1,41.4,16.5,88.59,5.0
Larry Hughes,PHI,20,8,3,5,25.0,101.0,97.1,3.9,13.8,1.33,13.7,7.5,9.0,8.2,10.3,40.3,46.8,21.5,91.96,12.1
Larry Johnson,NYK,30,20,12,8,34.1,94.6,92.6,2.0,8.9,0.94,10.8,3.5,11.8,7.7,11.5,48.5,51.1,18.4,86.23,8.9
Latrell Sprewell,NYK,28,20,12,8,37.1,97.4,95.8,1.6,12.4,0.74,8.4,3.4,10.3,6.8,11.4,42.5,50.3,30.0,87.83,13.6
Lawrence Funderburke,SAC,28,3,1,2,10.0,94.9,109.8,-14.9,5.9,0.33,6.3,6.5,11.1,8.2,18.8,41.7,41.7,21.7,96.11,4.0
Lindsey Hunter,DET,28,5,2,3,36.1,100.7,101.9,-1.3,10.8,1.71,16.2,2.9,6.6,4.6,9.5,29.2,32.6,17.3,81.87,2.3
Loy Vaught,DET,31,2,1,1,7.6,90.3,96.6,-6.2,0.0,0.00,0.0,0.0,6.7,3.7,0.0,50.0,50.0,12.9,94.99,6.0
Luc Longley,PHX,30,3,0,3,16.9,79.8,109.3,-29.5,3.4,0.50,6.7,3.7,20.0,10.1,13.3,16.7,16.7,13.3,90.68,1.2
Malik Rose,SAS,24,17,15,2,11.5,82.2,90.1,-7.9,3.5,0.30,4.8,9.2,10.5,9.9,15.9,36.8,46.5,14.2,92.78,-1.7
Malik Sealy,MIN,29,4,1,3,17.6,93.0,97.7,-4.7,8.3,1.50,10.0,2.9,6.1,4.4,6.7,34.8,39.7,17.9,88.46,4.2
Marcus Camby,NYK,25,20,12,8,25.5,100.4,95.8,4.6,2.3,0.40,3.1,11.0,21.5,16.3,7.7,56.6,59.1,18.0,87.09,17.5
Mario Elie,SAS,35,17,15,2,31.0,98.0,91.5,6.5,16.6,2.00,24.2,2.0,9.4,6.0,12.1,42.0,50.5,14.7,86.63,8.8
Mark Jackson,IND,34,13,9,4,34.7,106.4,100.9,5.4,42.7,3.20,41.5,3.3,10.0,6.8,13.0,56.3,60.1,16.2,89.96,15.2
Mark Strickland,MIA,28,2,0,2,4.2,146.7,94.1,52.5,0.0,0.00,0.0,16.7,25.0,21.4,25.0,50.0,69.4,23.5,92.16,23.4
Mark West,ATL,38,9,3,6,7.6,94.2,99.2,-5.0,5.4,0.33,10.0,4.2,9.2,6.6,30.0,30.0,34.0,12.4,87.22,-5.4
Matt Bullard,HOU,32,2,0,2,4.1,116.7,72.2,44.4,20.0,0.00,25.0,0.0,0.0,0.0,0.0,125.0,121.5,14.3,104.31,32.7
Matt Geiger,PHI,29,8,3,5,29.8,94.6,101.1,-6.5,4.7,0.46,4.7,8.9,16.9,12.6,10.2,43.8,49.7,22.4,89.88,11.7
Matt Harpring,ORL,23,4,1,3,20.4,90.6,94.6,-3.9,18.4,1.40,16.3,8.6,14.8,11.8,11.6,48.1,53.5,18.4,98.91,13.7
Michael Curry,MIL,30,3,0,3,19.6,89.2,122.8,-33.6,10.7,1.50,15.0,2.0,5.9,4.0,10.0,58.3,68.3,13.6,91.80,8.1
Michael Dickerson,HOU,24,4,1,3,20.5,96.9,109.5,-12.6,6.0,1.50,10.3,2.2,2.4,2.3,6.9,34.1,35.8,14.0,93.89,-0.6
Michael Doleac,ORL,22,4,1,3,10.9,89.7,96.3,-6.6,0.0,0.00,0.0,10.2,12.3,11.3,12.0,27.8,38.7,26.0,87.63,4.0
Michael Hawkins,SAC,26,2,0,2,4.8,89.5,122.2,-32.7,0.0,0.00,0.0,0.0,0.0,0.0,0.0,0.0,53.2,9.1,92.15,0.0
Mookie Blaylock,ATL,32,9,3,6,39.6,95.9,98.9,-3.0,21.1,1.20,17.3,1.6,9.3,5.2,14.4,39.3,39.9,22.9,84.12,7.2
Nazr Mohammed,PHI,21,3,2,1,0.6,60.0,60.0,0.0,0.0,0.00,0.0,0.0,0.0,0.0,0.0,0.0,0.0,0.0,136.88,0.0
Nick Anderson,ORL,31,4,1,3,37.8,98.9,103.5,-4.6,13.2,0.90,8.4,4.5,12.7,8.6,9.3,43.7,47.5,28.6,89.45,11.4
Othella Harrington,HOU,25,4,1,3,10.4,111.1,92.9,18.2,4.5,0.33,4.8,10.4,20.0,15.1,14.3,64.3,66.1,19.4,95.35,18.3
P.J. Brown,MIA,29,5,2,3,28.9,84.2,102.8,-18.6,8.6,1.67,8.8,9.7,13.4,11.4,5.3,46.7,51.6,17.9,84.21,11.4
Pat Garrity,PHX,22,3,0,3,17.3,103.0,97.0,6.0,3.4,0.33,4.3,9.7,7.3,8.7,13.0,61.8,68.7,18.0,91.81,11.2
Patrick Ewing,NYK,36,11,8,3,31.5,102.3,93.5,8.8,3.5,0.60,3.6,4.7,22.6,14.5,6.0,43.0,47.7,23.8,84.73,14.6
Peja Stojakovic,SAC,22,5,2,3,21.6,88.7,100.0,-11.3,4.0,0.33,5.7,9.8,6.7,8.3,17.1,40.4,43.9,13.7,89.11,5.1
Randy Livingston,PHX,24,3,0,3,8.2,106.1,87.8,18.4,20.0,1.00,9.5,15.2,8.7,12.5,9.5,40.0,47.7,30.6,95.33,14.4
Rasheed Wallace,POR,24,13,7,6,36.0,101.4,101.1,0.4,9.0,1.25,9.6,4.2,10.8,7.6,7.7,51.7,56.3,19.8,86.95,10.8
Rasho Nesterovic,MIN,23,3,0,3,9.6,109.4,113.7,-4.3,15.8,3.00,25.0,11.8,12.0,11.9,8.3,50.0,50.0,13.6,86.72,7.0
Ray Allen,MIL,23,3,0,3,40.1,105.6,106.0,-0.4,21.0,1.18,16.9,7.5,11.9,9.8,14.3,62.8,63.5,24.2,92.77,14.7
Reggie Miller,IND,33,13,9,4,37.0,106.2,103.2,3.0,13.5,1.62,11.7,2.8,7.8,5.4,7.2,46.7,55.5,24.5,90.26,13.0
Rex Chapman,PHX,31,3,0,3,19.4,96.7,121.7,-24.9,15.4,1.50,18.8,3.4,9.8,6.1,12.5,33.3,37.3,19.5,99.92,0.0
Rex Walters,MIA,29,3,1,2,4.2,136.0,100.0,36.0,44.4,0.00,57.1,0.0,0.0,0.0,0.0,0.0,0.0,11.1,94.99,2.2
Rick Brunson,NYK,27,9,8,1,1.9,83.3,129.4,-46.1,22.2,0.50,16.7,5.6,0.0,2.9,33.3,40.0,51.0,23.3,99.93,-3.0
Rick Fox,LAL,29,8,3,5,22.6,95.5,108.7,-13.2,11.5,0.86,14.0,4.4,7.9,5.9,16.3,43.3,43.8,17.7,94.27,2.6
Rick Mahorn,PHI,40,5,2,3,5.7,100.0,107.3,-7.3,5.0,1.00,11.1,6.5,20.7,13.3,11.1,33.3,36.3,12.5,91.77,2.4
Rik Smits,IND,32,13,9,4,22.4,109.6,99.4,10.1,6.0,0.36,4.8,6.1,17.0,11.8,13.2,45.6,49.1,29.2,87.60,8.9
Robert Horry,LAL,28,8,3,5,22.2,106.4,102.5,3.8,9.2,1.57,21.6,5.9,15.8,10.7,13.7,55.8,62.2,10.2,94.48,7.2
Robert Traylor,MIL,22,3,0,3,14.9,106.0,104.5,1.5,9.1,0.50,11.8,17.6,12.8,14.8,23.5,77.8,74.3,16.1,91.79,6.8
Roshown McLeod,ATL,23,6,2,4,8.1,95.4,82.8,12.6,5.9,1.00,4.0,1.9,4.7,3.2,4.0,52.4,57.1,23.1,85.62,14.4
Ruben Patterson,LAL,23,3,1,2,1.2,70.0,90.0,-20.0,0.0,0.00,0.0,0.0,0.0,0.0,50.0,0.0,0.0,20.0,129.96,-15.4
Sam Cassell,MIL,29,3,0,3,34.2,109.3,119.8,-10.5,44.1,3.71,36.1,0.0,6.3,3.3,9.7,50.0,58.9,20.9,90.05,12.2
Sam Mack,HOU,29,4,1,3,30.7,108.7,104.1,4.6,9.1,1.40,12.1,0.8,6.6,3.7,8.6,47.4,55.0,18.0,94.30,6.5
Sam Mitchell,MIN,35,4,1,3,32.9,92.9,98.7,-5.9,8.3,0.75,10.2,3.9,7.6,5.6,13.6,38.8,44.2,18.9,87.25,3.1
Sam Perkins,IND,38,13,9,4,11.1,96.6,87.9,8.7,8.5,0.86,11.5,1.6,17.8,9.8,13.5,67.1,68.0,15.8,87.13,14.8
Scot Pollard,SAC,24,5,2,3,15.0,94.2,102.9,-8.8,2.6,0.50,7.7,6.3,9.2,7.6,15.4,66.7,67.0,7.5,87.50,5.9
Scottie Pippen,HOU,33,4,1,3,42.9,103.3,106.7,-3.4,22.9,1.69,18.8,10.9,15.6,13.2,11.1,37.1,44.8,24.3,92.05,12.0
Sean Elliott,SAS,31,17,15,2,33.8,102.4,93.5,8.9,14.1,2.14,18.3,2.2,7.9,5.3,8.5,51.6,56.7,17.1,88.55,9.1
Sean Rooks,LAL,29,7,3,4,6.7,86.4,112.9,-26.5,10.0,3.00,23.1,2.4,2.3,2.4,7.7,33.3,52.1,10.9,92.20,-3.3
Shandon Anderson,UTA,25,11,5,6,27.0,99.4,93.0,6.4,8.2,0.93,10.9,2.8,10.4,6.9,11.8,51.9,56.5,16.7,87.99,9.3
Shaquille O'Neal,LAL,27,8,3,5,39.4,103.4,102.6,0.8,11.4,1.00,7.3,13.0,16.3,14.6,7.3,51.0,51.5,31.3,93.52,14.8
Stacey Augmon,POR,30,13,7,6,13.6,97.8,93.3,4.5,5.3,1.67,11.4,5.5,13.1,9.2,6.8,35.7,48.7,10.1,88.57,9.4
Stanley Roberts,HOU,29,3,1,2,6.6,97.7,106.7,-9.0,0.0,0.00,0.0,0.0,12.5,6.4,0.0,0.0,7.3,13.5,106.76,-8.3
Steve Kerr,SAS,33,11,9,2,8.7,87.5,95.6,-8.1,16.7,2.00,18.2,3.1,6.5,4.8,9.1,31.7,36.8,17.4,91.08,4.1
Steven Smith,ATL,30,9,3,6,39.6,95.2,100.0,-4.8,18.8,1.43,13.7,3.9,5.2,4.5,9.6,38.2,45.4,25.4,83.20,8.4
Tariq Abdul-Wahad,SAC,24,5,2,3,20.1,105.6,102.6,3.0,6.2,1.33,8.3,6.9,14.8,10.9,6.3,45.5,53.7,19.2,93.69,10.5
Terrell Brandon,MIN,29,4,1,3,40.4,94.6,99.0,-4.4,34.6,2.00,23.9,1.1,19.4,9.4,12.0,47.1,51.5,25.1,87.55,17.4
Terry Porter,MIA,36,5,2,3,28.1,92.9,103.4,-10.5,25.4,1.88,24.6,2.5,13.7,7.9,13.1,51.6,58.3,17.0,80.97,14.1
Theo Ratliff,PHI,26,7,3,4,29.1,96.3,93.8,2.4,5.0,0.86,9.2,11.0,14.1,12.5,10.8,46.5,49.6,13.1,88.04,10.2
Thurl Bailey,UTA,38,11,5,6,10.5,81.4,93.7,-12.3,4.2,0.25,4.4,5.0,7.9,6.6,17.8,51.5,53.2,17.5,91.89,5.4
Tim Duncan,SAS,23,17,15,2,43.1,101.7,93.9,7.9,13.6,0.92,10.8,8.6,18.9,14.1,11.7,51.1,57.3,26.2,87.81,19.0
Tim Hardaway,MIA,32,5,2,3,36.3,90.0,102.8,-12.8,36.0,1.78,28.6,1.7,6.7,4.2,16.1,31.3,35.7,22.2,84.88,3.6
Tim Thomas,MIL,22,3,0,3,19.8,126.8,124.1,2.7,2.2,0.20,3.3,7.7,16.3,11.9,16.7,44.4,49.4,22.0,90.57,1.9
Todd Fuller,UTA,24,10,5,5,10.3,104.1,81.5,22.6,0.0,0.00,0.0,7.5,17.4,12.6,13.9,38.5,42.8,15.6,90.17,2.1
Tom Gugliotta,PHX,29,3,0,3,39.4,97.8,110.0,-12.1,14.1,1.25,17.5,5.1,21.3,12.1,14.0,37.1,41.5,18.4,93.15,7.2
Tom Hammonds,MIN,32,4,1,3,4.8,78.4,64.9,13.5,0.0,0.00,0.0,0.0,11.1,5.4,33.3,0.0,113.6,6.8,92.90,11.8
Travis Best,IND,26,11,8,3,13.7,96.7,95.7,1.0,26.9,1.50,24.1,4.9,6.8,5.8,16.1,37.0,44.5,20.5,87.41,1.9
Travis Knight,LAL,24,3,2,1,3.3,82.6,133.3,-50.7,20.0,0.33,12.5,0.0,41.7,21.7,37.5,33.3,38.7,25.9,112.41,-12.5
Tyrone Corbin,ATL,36,9,3,6,29.7,96.1,101.7,-5.6,11.8,2.00,16.3,2.8,10.7,6.7,8.2,45.8,46.8,15.0,83.15,7.7
Tyrone Hill,PHI,31,8,3,5,24.7,99.2,101.3,-2.1,0.0,0.00,0.0,9.2,19.4,14.3,11.1,48.7,47.5,12.1,90.37,5.2
Tyronn Lue,LAL,22,3,2,1,10.9,100.0,106.8,-6.8,28.6,1.50,22.2,0.0,7.4,2.7,14.8,41.2,41.2,22.3,107.87,7.0
Vernon Maxwell,SAC,33,5,2,3,25.7,88.8,90.8,-2.0,9.4,0.83,6.6,2.7,5.5,4.0,7.9,40.8,43.5,25.4,89.80,5.1
Vlade Divac,SAC,31,5,2,3,39.4,100.5,96.5,4.0,20.9,1.21,20.0,4.8,20.6,12.9,16.5,45.5,56.4,21.1,91.63,15.4
Voshon Lenard,MIA,26,4,1,3,14.3,106.2,97.9,8.3,15.8,3.00,10.7,0.0,1.9,1.0,3.6,75.0,77.9,23.4,80.71,19.4
Walt Williams,POR,29,13,7,6,14.3,87.8,99.1,-11.3,13.6,1.00,12.6,3.0,6.4,4.7,12.6,47.4,49.1,20.5,86.70,3.8
Will Perdue,SAS,33,12,11,1,7.2,92.0,92.2,-0.1,0.0,0.00,0.0,10.8,19.6,15.6,20.0,54.5,54.7,8.1,91.38,4.3
