PLAYER,TEAM,GP,W,L,MIN,OPP_FGM,OPP_FGA,OPP_FG_PCT,OPP_FG3M,OPP_FG3A,OPP_FG3_PCT,OPP_FTM,OPP_FTA,OPP_FT_PCT,OPP_OREB,OPP_DREB,OPP_REB,OPP_AST,OPP_TOV,OPP_STL,OPP_BLK,OPP_BLKA,OPP_PF,OPP_PFD,OPP_PTS,PLUS_MINUS
"Abrines, Alex",OKC,68,37,31,15.5,12.8,27.2,47.1,2.8,7.6,37.2,6.5,8.3,78.7,2.9,10.1,13.0,7.0,4.3,2.6,2.0,1.6,6.7,7.0,35.0,0.0
"Acy, Quincy",BKN,32,11,21,15.9,12.5,27.9,44.7,3.3,9.2,36.1,7.3,9.2,78.9,3.6,11.2,14.7,6.9,5.1,2.7,2.1,1.4,7.3,7.3,35.5,0.3
"Acy, Quincy",DAL,6,0,6,8.0,6.2,12.7,48.7,1.7,5.2,32.3,4.5,5.7,79.4,1.3,5.3,6.7,4.2,2.0,1.2,0.5,0.2,3.3,4.5,18.5,4.5
"Adams, Steven",OKC,80,47,33,29.9,24.3,53.2,45.7,5.9,15.8,37.2,10.6,14.0,75.7,5.5,19.3,24.8,13.7,8.8,5.6,3.2,3.2,13.3,12.4,65.0,-2.4
"Afflalo, Arron",SAC,61,23,38,25.9,21.2,44.6,47.6,5.6,15.0,37.2,10.2,13.3,77.0,5.3,17.2,22.5,13.2,6.8,4.4,2.7,1.9,11.0,11.1,58.2,4.0
"Ajinca, Alexis",NOP,39,15,24,15.0,12.4,28.2,44.1,3.4,9.3,36.2,4.8,6.7,71.9,3.8,11.4,15.2,7.4,4.1,2.0,1.3,1.5,5.4,5.8,33.0,1.5
"Aldrich, Cole",MIN,62,23,39,8.6,7.0,14.5,47.8,1.8,5.2,33.6,3.2,4.3,76.1,1.5,5.4,6.9,4.0,2.7,1.4,0.8,0.7,3.2,4.1,18.9,0.5
"Aldridge, LaMarcus",SAS,72,52,20,32.4,24.9,55.2,45.1,5.4,15.1,35.6,10.7,13.6,78.5,6.4,21.6,27.9,14.6,9.1,4.5,2.3,3.9,13.1,11.8,65.8,-3.8
"Allen, Lavoy",IND,61,31,30,14.3,11.4,24.5,46.6,3.2,8.4,38.4,6.0,7.7,77.5,2.7,9.3,12.1,6.9,4.1,2.8,1.6,1.2,5.3,6.4,32.0,2.0
"Allen, Tony",MEM,71,36,35,27.0,19.6,43.6,44.8,5.5,15.6,35.3,10.7,14.1,76.4,5.4,18.4,23.7,11.7,8.6,3.8,3.0,2.2,10.8,12.1,55.4,0.1
"Aminu, Al-Farouq",POR,61,33,28,29.1,23.1,51.7,44.7,5.4,15.2,35.3,11.9,15.1,78.6,6.0,20.7,26.7,12.1,7.6,4.7,3.1,3.2,12.2,12.0,63.4,-0.4
"Andersen, Chris",CLE,12,8,4,9.5,7.0,17.3,40.6,2.3,6.4,36.4,4.4,5.4,81.5,3.7,6.3,10.0,4.3,3.2,1.2,0.9,1.3,3.8,4.7,20.8,-0.7
"Anderson, Alan",LAC,30,20,10,10.3,8.3,17.7,46.8,2.0,6.5,30.8,5.0,6.7,74.1,2.3,7.5,9.7,5.1,2.3,1.4,0.7,0.8,3.9,5.0,23.6,2.6
"Anderson, Justin",PHI,24,5,19,21.6,18.4,39.6,46.5,3.7,11.0,33.3,8.4,11.3,74.8,5.1,15.2,20.3,10.7,6.3,4.0,2.4,2.0,7.7,9.5,48.9,2.6
"Anderson, Justin",DAL,51,19,32,13.9,11.0,22.5,49.0,2.8,7.6,37.3,5.2,6.8,76.9,2.5,10.3,12.8,6.1,4.5,1.7,1.2,1.1,6.0,5.5,30.2,2.6
"Anderson, Kyle",SAS,72,53,19,14.2,10.7,24.4,43.7,2.2,7.0,32.0,4.2,5.6,74.8,2.6,9.3,11.9,6.0,4.5,2.3,1.6,1.8,5.6,5.2,27.8,-2.5
"Anderson, Ryan",HOU,72,50,22,29.4,25.1,53.3,47.1,5.9,16.8,35.3,9.4,12.2,77.3,5.9,20.1,26.0,14.7,9.3,5.2,3.0,2.5,12.4,11.6,65.6,-5.7
"Antetokounmpo, Giannis",MIL,80,42,38,35.6,27.6,60.6,45.5,7.3,20.3,35.9,13.4,17.5,76.9,7.7,23.9,31.5,17.2,11.1,5.2,3.5,4.2,14.5,15.1,75.9,-0.6
"Anthony, Carmelo",NYK,74,29,45,34.3,28.6,62.2,46.0,6.8,19.4,35.2,14.0,17.7,78.9,8.2,23.8,32.0,15.9,8.4,5.0,3.1,3.7,12.8,14.3,78.0,3.1
"Anthony, Joel",SAS,19,15,4,6.4,5.2,11.5,44.7,0.9,3.4,26.2,1.3,1.9,67.6,1.4,4.9,6.3,3.2,1.6,0.8,0.6,0.7,2.5,1.7,12.5,0.7
"Ariza, Trevor",HOU,80,53,27,34.7,29.9,63.5,47.1,7.3,20.8,35.2,12.2,15.7,77.5,7.2,24.1,31.3,17.8,10.9,6.3,3.4,2.9,14.8,13.7,79.4,-4.6
"Arthur, Darrell",DEN,41,20,21,15.6,13.5,28.5,47.2,3.4,9.3,36.8,5.1,6.6,77.2,2.9,11.1,14.0,7.6,4.0,2.2,1.6,1.3,5.7,6.1,35.5,0.6
"Asik, Omer",NOP,31,12,19,15.6,13.1,28.8,45.5,3.3,9.1,35.7,4.4,5.4,81.3,3.0,12.1,15.2,8.5,4.3,2.7,1.6,1.5,6.5,5.6,33.9,1.9
"Augustin, D.J.",ORL,78,29,49,19.7,16.0,34.3,46.7,4.0,10.8,36.9,7.6,9.8,78.0,3.9,14.8,18.8,9.2,5.2,3.2,2.1,1.9,8.2,8.4,43.7,5.7
"Babbitt, Luke",MIA,68,35,33,15.7,12.5,28.1,44.4,2.3,7.0,32.8,5.5,6.9,80.3,3.4,11.0,14.4,6.7,4.3,2.4,1.6,1.8,5.1,6.5,32.8,0.1
"Baker, Ron",NYK,52,14,38,16.5,12.8,28.5,45.0,3.5,10.1,35.0,6.1,7.8,78.2,3.6,11.1,14.7,6.8,5.0,2.8,1.6,1.5,6.8,6.6,35.3,1.1
"Baldwin IV, Wade",MEM,33,18,15,12.3,9.5,20.8,45.6,2.6,6.9,37.1,5.1,7.3,70.4,2.6,9.2,11.8,5.0,3.4,1.9,1.4,1.5,4.7,5.9,26.7,4.2
"Barbosa, Leandro",PHX,67,20,47,14.4,11.5,24.8,46.3,2.8,7.6,36.7,6.7,8.8,76.7,2.7,9.5,12.3,6.0,4.6,2.3,1.6,1.4,6.6,8.0,32.5,1.0
"Barea, J.J.",DAL,35,11,24,22.0,17.0,36.8,46.1,4.6,12.6,36.2,6.6,8.9,74.6,3.9,16.0,19.9,10.0,7.0,3.2,1.1,1.8,9.4,8.1,45.1,-0.3
"Barnes, Harrison",DAL,79,32,47,35.5,26.9,57.4,46.8,6.9,18.0,38.4,12.9,16.5,78.1,6.4,26.3,32.7,15.2,11.3,4.8,2.2,2.6,14.1,14.3,73.5,1.7
"Barnes, Matt",GSW,20,16,4,20.5,15.4,37.5,41.1,3.6,11.9,30.0,8.5,10.6,79.7,5.6,14.1,19.6,9.2,6.2,3.8,1.8,3.1,6.5,9.0,42.8,-1.7
"Barnes, Matt",SAC,54,22,32,25.3,19.2,42.3,45.4,6.1,16.6,36.6,11.1,14.4,77.5,5.1,17.5,22.7,12.0,7.6,4.3,2.6,2.1,10.9,11.4,55.7,1.8
"Barton, Will",DEN,60,31,29,28.4,24.5,51.3,47.8,5.5,15.3,36.2,10.8,13.4,80.8,5.6,18.8,24.4,13.9,7.5,4.9,3.2,2.3,11.8,12.0,65.4,1.3
"Bass, Brandon",LAC,52,29,23,11.1,9.7,19.9,48.8,2.4,6.3,38.3,4.2,5.5,75.9,2.6,7.7,10.2,5.9,2.5,1.8,1.0,0.9,4.3,4.8,26.0,2.8
"Batum, Nicolas",CHA,77,35,42,34.0,28.1,61.2,46.0,8.1,21.7,37.5,9.9,12.7,77.7,6.3,25.0,31.3,17.4,9.4,4.7,4.1,3.4,13.7,11.5,74.2,-0.9
"Bayless, Jerryd",PHI,3,1,2,23.8,19.0,43.3,43.8,2.7,10.3,25.8,11.3,15.0,75.6,6.3,16.3,22.7,9.7,5.3,3.7,4.7,3.3,10.3,12.0,52.0,7.0
"Baynes, Aron",DET,75,34,41,15.5,11.0,26.3,42.0,2.7,8.3,32.7,6.0,7.7,78.5,2.6,10.6,13.2,6.6,4.2,2.0,1.3,1.2,5.9,6.3,30.8,-1.8
"Bazemore, Kent",ATL,73,39,34,26.9,21.9,49.5,44.3,6.4,16.8,37.8,9.0,11.7,77.4,6.7,18.5,25.1,13.4,8.4,5.0,2.9,2.9,12.4,10.3,59.2,1.5
"Beal, Bradley",WAS,77,48,29,34.9,28.7,61.5,46.6,7.1,19.8,35.8,12.9,17.2,75.0,7.8,23.4,31.2,16.6,11.3,5.1,3.4,2.8,14.3,14.5,77.3,-4.3
"Beasley, Malik",DEN,22,12,10,7.5,5.8,13.8,41.9,1.4,4.4,30.9,2.5,3.6,70.0,1.5,5.0,6.5,3.2,2.2,1.3,0.8,0.8,2.7,3.0,15.5,-2.6
"Beasley, Michael",MIL,56,23,33,16.7,13.3,29.1,45.5,4.1,11.0,36.9,6.4,8.2,78.6,3.5,10.7,14.2,9.1,4.9,2.8,1.7,1.6,7.0,7.3,37.0,0.7
"Belinelli, Marco",CHA,74,34,40,24.0,19.9,42.5,46.7,5.6,15.4,36.3,7.0,9.3,75.6,4.4,17.7,22.1,12.1,6.6,3.1,2.4,2.3,10.5,8.7,52.3,-0.6
"Bembry, DeAndre'",ATL,38,20,18,9.8,7.5,17.0,44.0,2.1,6.4,33.2,3.6,4.5,80.6,1.8,6.9,8.8,4.2,2.9,1.5,1.2,0.9,4.0,3.4,20.7,1.2
"Bender, Dragan",PHX,43,13,30,13.3,10.3,23.1,44.5,2.9,7.8,36.7,6.3,8.4,74.9,2.8,9.3,12.1,5.4,3.8,2.0,1.1,1.4,5.6,7.5,29.8,0.6
"Bennett, Anthony",BKN,23,3,20,11.5,11.3,23.0,49.2,3.1,7.6,41.1,3.8,5.2,73.3,3.0,7.9,10.9,6.5,2.7,2.8,1.4,1.0,6.3,4.5,29.6,3.0
"Bentil, Ben",DAL,3,2,1,3.3,4.3,7.0,61.9,1.0,2.0,50.0,0.7,0.7,100,0.7,2.3,3.0,2.7,1.0,1.0,0.0,0.7,1.7,0.7,10.3,4.0
"Bertans, Davis",SAS,67,51,16,12.1,9.2,20.7,44.4,1.9,6.0,31.9,4.1,5.6,74.1,2.5,8.2,10.7,5.1,3.8,2.1,1.4,1.5,4.8,4.9,24.4,-1.7
"Beverley, Patrick",HOU,67,46,21,30.7,26.1,55.7,46.8,6.4,18.5,34.4,10.2,13.1,77.8,6.8,21.3,28.0,15.2,10.1,5.2,3.3,2.7,13.5,12.8,68.7,-5.3
"Biyombo, Bismack",ORL,81,29,52,22.1,18.0,39.2,45.8,4.6,12.2,37.2,7.9,10.1,78.0,4.7,16.2,20.8,10.3,5.7,3.4,2.3,2.3,9.5,9.0,48.4,4.3
"Bjelica, Nemanja",MIN,65,28,37,18.3,13.9,30.8,45.1,3.2,9.7,33.0,7.7,10.4,74.2,3.7,11.9,15.6,7.6,5.7,2.7,1.8,2.0,7.7,9.3,38.7,0.2
"Black, Tarik",LAL,67,24,43,16.3,13.2,28.9,45.6,3.4,9.2,36.3,6.3,8.3,75.5,3.4,10.9,14.3,8.4,5.0,3.0,1.9,1.5,6.3,7.2,36.1,0.7
"Bledsoe, Eric",PHX,66,22,44,33.0,27.9,58.7,47.5,6.8,17.3,39.1,15.4,19.2,80.1,6.6,23.0,29.6,15.6,10.2,5.8,3.6,3.1,15.5,16.3,78.0,2.8
"Bogdanovic, Bojan",WAS,26,14,12,23.1,18.9,40.1,47.2,4.7,12.0,38.9,9.4,12.9,73.1,5.2,15.8,21.0,10.3,7.1,3.7,2.8,2.2,10.5,11.9,51.9,-1.0
"Bogdanovic, Bojan",BKN,55,9,46,27.0,24.3,51.5,47.2,5.9,15.2,38.9,9.9,12.9,76.8,6.1,20.4,26.5,13.5,7.1,5.5,3.2,2.8,11.0,11.5,64.4,5.3
"Bogut, Andrew",DAL,26,8,18,22.4,15.4,35.7,43.1,4.1,10.3,39.7,7.8,10.2,76.5,3.8,17.3,21.1,8.2,7.4,3.3,1.5,1.6,8.8,8.9,42.6,1.2
"Bogut, Andrew",CLE,1,0,1,1.0,1.0,3.0,33.3,0.0,1.0,0.0,0.0,0.0,0.0,2.0,0.0,2.0,0.0,0.0,1.0,0.0,0.0,0.0,2.0,2.0,2.0
"Bolomboy, Joel",UTA,12,8,4,4.4,2.8,7.3,38.6,0.9,2.8,32.4,1.7,2.5,66.7,0.9,3.2,4.1,1.8,1.2,0.6,0.3,0.3,1.5,1.5,8.3,-1.0
"Booker, Devin",PHX,78,24,54,35.0,29.4,63.2,46.5,7.2,19.3,37.3,16.9,21.2,79.5,7.8,24.3,32.0,16.1,10.6,6.2,3.9,3.5,16.5,17.6,82.9,2.9
"Booker, Trevor",BKN,71,18,53,24.7,21.0,46.6,45.0,5.4,14.7,36.8,9.8,12.7,77.5,6.2,18.2,24.4,11.3,7.3,5.2,2.8,2.4,9.5,11.1,57.2,4.7
"Bradley, Avery",BOS,55,34,21,33.4,26.9,59.5,45.3,6.3,18.8,33.6,13.7,17.4,78.3,8.1,23.4,31.5,16.5,9.8,5.3,3.8,3.2,13.6,14.3,73.9,-1.3
"Brewer, Corey",HOU,58,40,18,15.9,12.6,28.2,44.8,2.9,9.0,32.8,6.3,8.1,77.5,3.5,10.8,14.4,7.3,5.3,2.5,1.7,1.6,6.9,7.6,34.5,-2.3
"Brewer, Corey",LAL,24,7,17,14.9,12.9,26.7,48.2,3.4,8.7,39.4,5.4,6.6,81.6,3.0,10.9,14.0,8.5,5.3,2.8,1.6,1.4,5.5,6.2,34.5,2.5
"Brogdon, Malcolm",MIL,75,38,37,26.4,20.9,45.3,46.2,5.1,14.9,34.6,9.7,12.8,75.5,5.6,17.5,23.0,13.1,7.8,4.0,2.6,2.7,10.5,10.8,56.6,-1.2
"Brooks, Aaron",IND,65,36,29,13.7,10.1,23.3,43.4,2.9,8.3,34.7,5.7,7.2,78.5,2.8,9.5,12.2,5.8,3.8,2.2,1.4,1.3,4.9,6.1,28.7,0.5
"Brown, Anthony",ORL,2,0,2,8.2,6.0,14.0,42.9,2.0,5.5,36.4,1.5,2.5,60.0,0.5,5.0,5.5,4.5,1.5,0.5,0.5,1.0,3.0,3.0,15.5,-7.5
"Brown, Anthony",NOP,9,3,6,15.8,12.2,28.0,43.7,3.0,9.0,33.3,4.2,6.4,65.5,4.0,12.8,16.8,7.8,4.4,2.0,1.7,1.3,6.0,5.6,31.7,1.2
"Brown, Bobby",HOU,25,18,7,4.9,4.2,9.3,45.7,1.1,3.4,31.4,2.8,3.6,77.5,1.5,3.9,5.4,2.6,1.2,0.9,0.2,0.5,1.2,2.5,12.3,1.4
"Brown, Jaylen",BOS,78,50,28,17.2,13.8,30.4,45.3,3.2,9.5,34.1,7.0,9.1,76.3,3.4,12.1,15.5,7.8,4.9,2.8,1.8,1.3,7.6,7.8,37.7,1.6
"Brussino, Nicolas",DAL,54,18,36,9.7,7.7,15.7,48.7,2.2,5.3,41.8,4.0,4.9,81.6,1.8,6.9,8.6,4.5,2.9,1.5,0.9,0.9,4.2,3.8,21.6,2.0
"Bullock, Reggie",DET,31,13,18,15.1,11.6,26.1,44.4,2.8,8.2,34.1,4.5,6.1,75.0,2.2,10.6,12.8,7.1,4.1,2.0,1.5,1.0,5.7,5.7,30.6,-1.8
"Burke, Trey",WAS,57,35,22,12.3,9.9,21.4,46.3,2.4,6.8,35.6,5.0,6.7,74.5,2.7,8.2,10.8,5.8,3.4,1.9,1.0,1.2,4.6,6.3,27.2,2.8
"Burks, Alec",UTA,42,26,16,15.5,12.0,26.4,45.3,2.5,7.7,33.1,6.1,8.1,75.4,2.8,10.7,13.5,5.8,3.9,2.2,1.7,1.5,6.9,6.5,32.6,0.0
"Butler, Jimmy",CHI,76,40,36,37.0,30.0,66.2,45.3,6.6,19.2,34.7,11.0,14.4,76.7,7.8,24.8,32.6,17.6,10.4,5.6,3.5,3.9,14.4,13.0,77.6,-2.7
"Caboclo, Bruno",TOR,9,8,1,4.5,2.6,6.6,39.0,0.8,2.4,31.8,2.4,3.3,73.3,0.8,3.3,4.1,1.8,1.9,0.8,1.1,0.8,0.9,2.2,8.3,-0.1
"Calderon, Jose",ATL,17,9,8,14.5,10.2,25.0,40.9,2.5,8.9,27.6,5.2,6.7,78.1,2.8,10.2,13.1,5.8,4.8,2.4,1.8,1.4,5.6,6.3,28.2,-1.6
"Calderon, Jose",LAL,24,6,18,12.2,11.0,21.8,50.3,2.8,7.0,39.3,4.1,5.2,78.4,2.3,9.1,11.4,7.4,3.2,2.4,1.8,1.1,3.9,5.0,28.8,5.5
"Caldwell-Pope, Kentavious",DET,76,33,43,33.3,27.2,57.8,47.0,6.6,17.6,37.4,11.6,14.8,78.2,5.9,24.8,30.8,16.6,8.9,4.5,2.7,2.5,11.8,12.0,72.5,1.9
"Canaan, Isaiah",CHI,39,19,20,15.2,12.7,27.4,46.4,2.9,8.0,35.8,4.2,5.6,76.0,3.7,10.8,14.5,7.9,4.4,2.5,1.4,1.3,5.9,5.5,32.5,2.2
"Capela, Clint",HOU,65,44,21,23.9,20.8,44.0,47.2,4.9,14.0,34.7,7.2,9.2,78.2,4.9,15.9,20.8,12.4,7.4,4.0,2.8,2.1,9.6,9.1,53.6,-3.3
"Carroll, DeMarre",TOR,72,44,28,26.1,20.5,45.3,45.1,5.3,14.6,36.5,9.8,12.4,79.2,5.8,17.1,22.8,12.1,7.7,3.8,2.5,2.6,10.8,10.8,56.1,-1.6
"Carter, Vince",MEM,73,36,37,24.7,17.2,39.5,43.6,5.0,14.4,34.5,10.9,14.5,75.5,4.1,16.2,20.3,9.8,6.8,3.2,2.5,2.1,10.9,11.5,50.3,-2.2
"Carter-Williams, Michael",CHI,45,25,20,18.8,15.2,33.2,45.8,3.7,10.2,36.5,6.2,8.1,77.1,3.7,13.0,16.7,9.3,5.6,2.8,2.0,2.2,7.8,7.2,40.3,0.6
"Casspi, Omri",SAC,22,9,13,18.0,13.5,30.7,44.1,4.1,11.0,37.3,6.7,7.9,85.1,3.8,12.0,15.8,8.2,6.0,3.2,2.6,1.8,7.7,7.3,37.9,0.3
"Casspi, Omri",MIN,13,3,10,17.1,15.8,28.2,56.1,4.5,9.2,49.2,7.5,9.2,81.5,2.9,10.4,13.3,9.5,5.8,2.8,1.8,1.0,7.9,7.3,43.7,6.5
"Casspi, Omri",NOP,1,0,1,23.7,24.0,49.0,49.0,12.0,28.0,42.9,9.0,11.0,81.8,6.0,16.0,22.0,16.0,6.0,6.0,1.0,3.0,14.0,9.0,69.0,12.0
"Cauley-Stein, Willie",SAC,75,29,46,18.9,15.2,33.0,46.1,4.4,12.2,35.9,7.0,9.1,76.8,4.3,13.3,17.6,9.9,5.7,3.2,2.1,1.4,7.0,7.9,41.8,2.7
"Chandler, Tyson",PHX,47,15,32,27.6,23.1,48.3,47.8,5.6,14.4,39.2,12.3,15.3,80.4,5.6,18.8,24.4,13.0,9.1,4.6,2.8,2.0,12.8,13.4,64.1,1.6
"Chandler, Wilson",DEN,71,35,36,30.9,26.8,56.4,47.6,6.5,16.8,38.7,11.9,15.2,78.6,6.2,20.4,26.5,15.3,7.6,4.9,3.1,2.4,12.6,13.0,72.1,0.5
"Chriss, Marquese",PHX,82,24,58,21.3,18.7,38.0,49.2,4.8,11.5,41.6,9.6,12.5,77.1,4.6,15.0,19.5,10.6,6.7,3.8,2.3,2.3,9.6,10.6,51.8,4.7
"Christmas, Rakeem",IND,29,14,15,7.6,5.9,12.9,45.8,1.7,5.2,33.3,3.0,4.1,73.9,1.8,4.9,6.7,3.3,2.4,1.6,1.0,0.6,3.2,3.3,16.6,1.2
"Christon, Semaj",OKC,64,36,28,15.2,12.5,26.1,47.8,2.4,7.3,32.8,6.1,8.0,76.4,2.7,9.5,12.2,6.5,3.9,2.2,1.8,1.3,6.1,7.1,33.5,2.2
"Clark, Ian",GSW,77,63,14,14.8,12.0,27.6,43.4,2.6,8.3,30.7,5.6,7.3,76.2,3.9,9.6,13.6,6.9,4.2,2.8,1.2,1.9,5.7,5.9,32.1,-0.5
"Clarkson, Jordan",LAL,82,26,56,29.2,25.5,52.6,48.5,6.0,16.5,36.4,11.8,15.1,77.8,6.5,20.3,26.8,15.7,8.7,5.4,3.4,2.5,11.7,12.7,68.9,5.1
"Cole, Norris",OKC,13,5,8,9.6,7.2,15.9,45.4,1.2,4.4,26.3,5.0,6.3,79.3,1.5,6.5,8.0,3.8,2.6,1.8,1.0,0.5,4.2,5.0,20.6,1.2
"Collison, Darren",SAC,68,26,42,30.3,24.3,51.5,47.1,6.9,18.5,37.1,11.4,14.5,78.7,5.9,20.6,26.5,14.9,8.6,5.0,2.9,2.6,11.9,12.2,66.8,1.9
"Collison, Nick",OKC,20,10,10,6.4,4.9,11.0,44.3,0.9,2.8,30.4,2.8,3.7,75.7,1.5,4.7,6.2,2.3,1.8,1.1,0.6,0.5,2.6,3.4,13.4,2.0
"Conley, Mike",MEM,69,35,34,33.2,24.2,54.2,44.6,7.0,19.5,35.8,13.4,17.5,76.6,6.3,22.2,28.5,14.4,9.6,4.8,3.2,2.7,14.5,14.7,68.7,-2.7
"Connaughton, Pat",POR,39,18,21,8.1,6.3,14.1,44.5,1.6,4.4,35.3,3.3,3.9,85.0,1.7,5.5,7.3,3.2,1.9,1.5,0.8,0.7,2.7,3.0,17.5,0.4
"Cook, Quinn",NOP,9,5,4,12.3,12.1,22.3,54.2,2.6,6.7,38.3,2.6,4.3,59.0,2.8,9.4,12.2,7.6,4.8,1.4,1.1,1.2,3.9,3.7,29.3,3.2
"Cook, Quinn",DAL,5,4,1,15.4,14.6,25.6,57.0,2.8,6.6,42.4,4.6,6.4,71.9,3.0,7.8,10.8,8.0,4.0,3.2,0.2,1.0,6.6,5.4,36.6,2.4
"Cousins, DeMarcus",SAC,55,23,32,34.4,27.2,57.5,47.2,7.7,20.5,37.5,13.6,17.4,78.0,6.7,22.4,29.1,16.5,10.0,5.8,3.7,3.0,16.1,14.5,75.6,0.5
"Cousins, DeMarcus",NOP,17,7,10,33.8,27.8,60.4,46.0,7.7,20.4,37.8,9.4,12.7,74.1,6.9,25.4,32.2,16.5,10.5,5.4,2.6,3.5,15.1,11.8,72.6,-0.2
"Covington, Robert",PHI,67,27,40,31.6,25.4,56.2,45.1,5.7,16.2,35.0,12.9,16.3,78.8,6.7,22.8,29.6,14.4,10.4,5.7,3.6,3.9,12.4,13.8,69.2,2.3
"Crabbe, Allen",POR,79,39,40,28.5,23.0,50.3,45.8,5.3,14.4,36.6,13.3,16.7,79.7,5.5,20.3,25.8,11.8,7.2,4.9,2.9,2.8,12.2,13.1,64.6,1.5
"Crawford, Jamal",LAC,82,51,31,26.3,21.0,45.6,46.0,4.7,14.0,33.8,11.2,14.4,77.7,5.6,18.6,24.1,12.5,7.0,4.1,1.7,2.2,12.5,12.1,57.9,-0.3
"Crawford, Jordan",NOP,19,9,10,23.3,20.4,41.8,48.9,5.7,14.2,40.0,6.8,9.2,74.1,5.6,16.7,22.3,12.2,7.2,3.0,1.7,1.8,8.2,7.6,53.3,-0.8
"Crowder, Jae",BOS,72,48,24,32.4,25.9,58.1,44.6,5.8,18.0,32.4,13.2,17.2,76.5,7.4,22.5,29.9,15.3,9.5,4.9,3.3,3.0,13.6,13.5,70.8,-4.9
"Cunningham, Dante",NOP,66,28,38,25.0,20.9,45.7,45.7,5.4,15.2,35.8,8.2,10.5,78.0,5.2,19.2,24.4,12.1,7.0,3.7,2.3,2.8,9.4,9.2,55.4,0.8
"Curry, Seth",DAL,70,30,40,29.0,22.0,47.0,46.9,5.5,14.8,36.9,10.2,12.9,78.6,5.2,21.3,26.5,12.7,9.1,3.8,1.8,2.1,11.4,11.2,59.7,0.5
"Curry, Stephen",GSW,79,65,14,33.4,27.2,62.0,43.8,6.6,19.7,33.4,12.7,16.7,76.1,7.9,21.7,29.6,16.0,11.5,6.0,2.8,4.7,13.5,13.5,73.6,-12.8
"Daniels, Troy",MEM,67,33,34,17.7,12.3,28.2,43.5,3.6,10.6,34.4,8.0,10.7,74.8,3.3,12.1,15.4,7.0,5.1,2.5,1.7,1.4,8.0,8.7,36.2,-1.3
"Davis, Anthony",NOP,75,31,44,36.1,29.0,66.7,43.5,7.5,22.3,33.5,12.1,15.8,76.4,8.1,27.7,35.8,16.9,10.1,5.6,3.0,4.5,14.7,13.7,77.5,-0.7
"Davis, Deyonta",MEM,36,23,13,6.6,4.5,10.9,41.1,1.6,4.1,39.0,3.4,4.4,76.1,1.4,4.7,6.1,2.4,1.8,0.9,0.8,0.9,2.6,3.3,13.9,1.2
"Davis, Ed",POR,46,19,27,17.2,13.5,29.9,45.2,3.8,9.5,40.0,8.6,10.8,79.9,3.2,11.9,15.1,7.4,4.1,2.5,2.0,1.6,6.8,8.7,39.5,2.8
"DeRozan, DeMar",TOR,74,47,27,35.4,28.1,62.2,45.2,7.2,20.3,35.3,13.8,17.7,78.0,7.8,23.4,31.2,16.3,10.0,4.9,3.2,3.4,14.9,14.9,77.3,-2.0
"Dedmon, Dewayne",SAS,76,55,21,17.5,12.5,29.7,42.0,2.9,8.6,34.2,6.4,8.2,78.2,3.4,10.8,14.2,7.4,5.3,2.9,1.7,2.2,6.9,7.5,34.3,-2.5
"Dekker, Sam",HOU,77,52,25,18.4,15.5,34.2,45.2,4.0,11.4,34.9,6.8,8.7,78.6,4.4,12.7,17.1,9.1,5.7,3.2,2.0,1.8,7.5,7.8,41.7,-1.0
"Delaney, Malcolm",ATL,73,37,36,17.1,13.1,29.8,44.0,3.7,10.8,34.3,5.4,6.8,79.0,3.3,11.9,15.2,7.6,5.8,3.0,1.5,1.7,8.0,6.5,35.3,-0.4
"Dellavedova, Matthew",MIL,76,39,37,26.1,20.7,45.1,45.9,5.7,15.9,36.0,9.9,12.6,78.7,5.5,17.5,23.0,12.9,8.2,3.9,2.5,2.9,10.8,11.2,57.0,0.9
"Deng, Luol",LAL,56,18,38,26.5,22.8,48.2,47.3,5.2,14.9,34.6,9.4,12.3,76.5,5.6,19.4,25.0,13.7,7.4,4.9,3.0,2.1,10.1,11.3,60.1,3.5
"Diallo, Cheick",NOP,17,9,8,11.7,10.9,21.8,50.1,3.0,8.4,35.7,2.8,4.1,68.6,3.2,9.3,12.5,6.2,4.5,1.8,0.8,0.9,3.9,3.8,27.7,3.1
"Diaw, Boris",UTA,73,45,28,17.6,13.5,29.6,45.4,3.1,7.9,39.5,5.6,7.1,78.1,3.1,11.3,14.4,6.5,4.6,2.7,1.2,1.8,7.7,6.8,35.6,-0.3
"Dieng, Gorgui",MIN,82,31,51,32.4,26.6,56.2,47.3,6.7,18.1,37.0,10.5,13.6,77.3,6.6,20.6,27.2,15.8,9.4,5.1,3.4,3.0,13.7,12.2,70.4,-0.4
"Dinwiddie, Spencer",BKN,59,13,46,22.6,18.9,41.7,45.3,4.5,12.3,36.8,8.3,10.7,78.0,4.8,16.9,21.8,10.0,6.1,3.8,2.8,2.1,9.3,9.1,50.6,2.3
"Douglas, Toney",MEM,24,15,9,16.4,12.0,25.5,47.0,3.1,8.4,37.3,8.0,10.5,76.6,2.3,10.7,13.0,6.4,4.8,2.6,1.8,1.3,7.8,8.4,35.2,-0.5
"Dragic, Goran",MIA,73,40,33,33.7,27.1,59.5,45.5,5.8,16.2,35.6,12.9,16.6,77.9,7.4,23.3,30.7,14.2,9.3,5.1,3.4,3.9,13.1,14.4,72.8,-0.9
"Drummond, Andre",DET,81,36,45,29.7,24.9,51.6,48.2,6.0,15.4,38.8,9.3,12.0,76.9,5.0,21.9,26.9,15.4,7.8,4.3,2.5,2.4,10.1,10.6,65.0,3.4
"Dudley, Jared",PHX,64,17,47,21.3,16.6,37.8,43.8,4.3,11.9,36.6,10.2,12.9,78.9,4.4,15.2,19.6,9.4,6.8,3.6,2.3,2.1,10.0,11.2,47.7,0.7
"Dunleavy, Mike",CLE,23,19,4,15.9,12.2,28.8,42.4,3.7,9.9,37.0,5.8,7.6,76.6,3.7,11.3,15.0,7.4,4.3,2.7,1.3,1.2,7.3,7.4,33.9,0.3
"Dunleavy, Mike",ATL,30,15,15,15.8,12.0,27.5,43.6,3.3,10.2,32.4,5.1,6.5,78.5,3.3,11.7,15.0,7.0,4.7,3.0,1.5,1.2,7.1,5.7,32.3,1.0
"Dunn, Kris",MIN,78,30,48,17.1,13.7,28.9,47.5,3.5,9.4,36.7,6.8,8.9,76.9,3.4,10.6,13.9,7.9,5.3,2.6,2.0,1.9,6.9,8.0,37.8,1.7
"Durant, Kevin",GSW,62,51,11,33.4,27.1,62.4,43.5,6.4,20.0,32.1,12.4,16.3,76.2,7.8,21.8,29.6,15.6,10.4,5.8,2.6,4.6,14.1,12.9,73.1,-11.5
"Eddie, Jarell",PHX,5,0,5,12.5,9.0,24.2,37.2,2.4,7.4,32.4,6.2,9.0,68.9,3.0,11.6,14.6,4.8,3.4,1.4,0.6,1.0,5.6,6.4,26.6,1.0
"Ellenson, Henry",DET,19,8,11,7.7,5.7,13.4,42.5,1.8,4.9,36.6,2.6,3.3,79.0,1.7,5.7,7.4,3.5,2.2,1.2,0.6,0.5,2.5,2.4,15.7,0.2
"Ellington, Wayne",MIA,62,35,27,24.2,19.0,41.6,45.6,3.9,11.1,34.6,9.3,12.1,76.8,5.1,16.9,22.0,10.0,7.1,3.3,2.1,2.8,9.3,10.1,51.2,-1.4
"Ellis, Monta",IND,74,39,35,27.0,21.4,47.0,45.6,5.7,16.1,35.6,10.8,13.8,78.6,6.1,18.4,24.5,12.4,8.6,4.5,2.9,2.8,11.2,11.4,59.4,1.0
"Embiid, Joel",PHI,31,13,18,25.4,19.0,44.8,42.4,4.7,14.2,33.0,9.6,12.4,77.6,5.4,16.5,21.9,11.2,7.9,4.5,2.6,3.8,13.2,11.4,52.3,-2.2
"Ennis III, James",MEM,64,32,32,23.4,16.6,38.5,43.1,4.6,13.2,35.1,10.3,13.2,77.9,4.8,15.8,20.6,9.3,6.7,3.7,2.7,2.1,10.7,10.9,48.1,-0.7
"Ennis, Tyler",HOU,31,22,9,6.3,4.8,10.9,43.7,1.1,3.5,31.8,3.9,4.7,82.3,1.6,4.0,5.6,2.9,1.7,1.7,0.7,0.6,2.1,3.5,14.6,1.7
"Ennis, Tyler",LAL,22,6,16,17.8,14.1,29.4,47.9,4.0,10.0,39.7,5.2,6.9,75.0,2.5,12.4,14.9,9.6,7.3,3.3,2.4,1.1,6.9,7.2,37.3,-2.4
"Evans, Tyreke",NOP,26,13,13,18.2,15.0,32.9,45.6,4.0,10.0,39.5,6.3,8.0,78.8,3.5,14.8,18.3,8.7,5.2,2.5,1.8,2.2,7.1,7.2,40.3,2.9
"Evans, Tyreke",SAC,14,4,10,22.5,18.1,39.4,46.0,5.4,15.1,35.8,6.6,8.6,76.7,4.0,16.1,20.1,12.4,6.1,4.4,2.5,1.9,7.1,8.2,48.3,5.4
"Exum, Dante",UTA,66,40,26,18.6,13.9,31.8,43.8,3.1,8.8,35.2,6.6,8.8,75.4,3.6,12.3,15.9,7.1,4.8,2.9,1.8,2.0,7.8,7.9,37.5,0.0
"Faried, Kenneth",DEN,61,29,32,21.2,18.6,38.5,48.3,4.3,11.4,38.0,8.3,10.6,78.5,3.9,13.4,17.3,10.5,5.2,3.9,2.5,1.8,9.9,8.7,49.8,1.0
"Farmar, Jordan",SAC,2,1,1,17.7,15.0,32.0,46.9,5.0,13.0,38.5,7.0,8.5,82.4,8.0,10.0,18.0,10.5,7.0,4.5,1.5,1.5,8.0,6.0,42.0,0.5
"Favors, Derrick",UTA,50,33,17,23.7,17.9,39.8,44.9,4.0,11.0,35.9,7.3,9.3,78.1,4.1,15.3,19.4,9.0,6.1,3.6,2.1,2.1,9.4,8.9,46.9,-1.1
"Felder, Kay",CLE,42,25,17,9.2,7.4,16.5,44.5,2.1,5.5,38.2,3.2,4.2,76.7,2.3,6.8,9.1,4.3,2.8,1.4,0.8,0.8,3.6,3.9,20.0,1.3
"Felicio, Cristiano",CHI,66,31,35,15.8,12.4,27.9,44.6,3.0,9.6,31.1,5.3,6.7,79.2,3.2,10.5,13.7,8.0,4.5,2.5,1.4,1.2,6.3,6.3,33.1,0.5
"Felton, Raymond",LAC,80,50,30,21.2,17.2,37.7,45.7,4.1,11.6,34.9,8.8,11.2,77.9,4.9,15.4,20.3,10.1,5.7,3.2,1.6,2.0,9.0,9.3,47.3,2.1
"Ferrell, Yogi",BKN,10,1,9,15.1,14.2,27.4,51.8,3.4,8.4,40.5,6.0,7.2,83.3,2.8,11.5,14.3,8.3,5.2,3.6,1.0,1.1,6.2,6.4,37.8,4.4
"Ferrell, Yogi",DAL,36,17,19,29.0,22.9,48.8,47.0,5.8,15.9,36.4,10.1,13.3,75.8,5.6,22.0,27.5,13.3,8.5,3.9,2.3,2.2,11.4,11.6,61.7,2.0
"Finney-Smith, Dorian",DAL,81,33,48,20.3,15.6,33.4,46.7,4.0,10.8,37.2,6.8,9.0,75.5,3.8,14.7,18.5,8.9,6.3,2.6,1.4,1.8,8.1,8.1,42.0,1.5
"Forbes, Bryn",SAS,36,24,12,7.9,6.3,13.9,45.4,1.2,3.4,34.7,2.5,3.4,73.0,1.7,6.2,7.9,3.2,2.1,1.2,0.9,1.1,3.2,3.0,16.3,1.4
"Fournier, Evan",ORL,68,23,45,32.8,27.4,59.3,46.2,6.4,17.6,36.5,11.6,15.2,75.9,6.7,24.1,30.8,16.1,8.6,5.2,3.8,3.4,12.3,12.9,72.8,2.9
"Foye, Randy",BKN,69,17,52,18.6,16.2,34.9,46.5,3.9,9.9,39.7,7.5,9.4,79.2,4.0,14.5,18.6,9.2,5.3,3.5,2.0,2.0,8.1,7.7,43.9,3.0
"Frazier, Tim",NOP,65,26,39,23.5,19.3,42.9,45.0,5.6,15.2,36.9,7.8,9.8,79.6,5.0,18.0,23.0,11.9,6.6,3.6,2.2,2.5,9.7,8.8,52.0,1.3
"Frye, Channing",CLE,74,44,30,18.9,15.6,34.4,45.5,4.2,10.9,38.3,6.5,8.4,77.1,4.2,13.5,17.7,9.4,4.6,2.7,1.3,1.4,8.3,7.4,41.9,-0.8
"Gallinari, Danilo",DEN,63,31,32,33.9,29.5,62.6,47.2,6.8,18.2,37.6,11.5,15.0,76.4,6.7,21.4,28.2,17.2,8.3,5.6,3.7,2.6,15.2,12.9,77.3,-2.5
"Galloway, Langston",NOP,55,22,33,20.4,16.6,37.1,44.7,4.3,12.2,35.4,6.8,8.8,77.1,4.3,16.3,20.5,9.4,5.9,2.9,1.5,2.6,8.3,8.3,44.3,1.3
"Galloway, Langston",SAC,19,7,12,19.7,15.7,35.0,45.0,3.6,12.2,29.9,7.6,9.7,78.4,4.2,13.1,17.2,9.5,5.0,3.7,2.4,1.5,7.7,7.4,42.7,-0.7
"Garino, Patricio",ORL,5,2,3,8.6,7.4,15.8,46.8,2.2,7.0,31.4,2.2,3.6,61.1,2.2,6.2,8.4,4.0,1.6,1.2,0.8,0.4,2.8,4.0,19.2,2.8
"Gasol, Marc",MEM,74,40,34,34.2,24.8,55.2,44.8,6.9,19.5,35.4,14.3,19.1,74.9,6.1,23.2,29.3,14.5,9.8,4.9,3.3,3.0,14.9,15.8,70.8,-0.9
"Gasol, Pau",SAS,64,47,17,25.4,20.2,44.1,45.7,4.2,11.5,36.6,8.0,10.2,77.9,5.2,17.0,22.2,11.5,7.1,3.9,1.9,3.0,10.5,8.5,52.5,-3.5
"Gay, Rudy",SAC,30,11,19,33.8,26.0,56.9,45.7,7.1,19.2,36.7,12.8,16.8,76.0,6.6,22.6,29.2,15.5,10.7,5.8,4.0,3.3,15.8,13.9,71.8,-2.2
"Gbinije, Michael",DET,9,7,2,3.5,2.4,5.8,42.3,0.8,2.4,31.8,1.8,2.0,88.9,0.7,2.8,3.4,1.1,0.8,0.0,0.1,0.0,1.1,1.4,7.4,0.3
"Gee, Alonzo",DEN,13,4,9,6.9,5.2,12.2,43.0,1.0,2.9,34.2,5.2,6.3,82.9,1.2,5.2,6.5,2.0,2.0,0.9,0.6,0.9,3.5,4.2,16.7,1.4
"George, Paul",IND,75,39,36,35.9,28.1,62.2,45.1,7.6,21.3,35.7,13.9,17.5,79.6,7.9,24.9,32.8,16.5,11.2,5.8,3.3,4.0,14.9,14.1,77.7,-2.2
"Georges-Hunt, Marcus",ORL,5,2,3,9.5,8.8,18.2,48.4,2.6,7.2,36.1,2.6,4.4,59.1,1.8,7.4,9.2,5.2,1.6,1.4,0.8,1.0,4.2,4.2,22.8,5.0
"Gibson, Jonathan",DAL,17,4,13,13.6,11.4,22.4,50.9,3.2,7.5,42.2,5.8,7.2,81.1,2.4,10.4,12.8,6.9,4.0,1.7,1.3,1.0,5.9,5.9,31.8,4.9
"Gibson, Taj",OKC,23,14,9,21.2,17.3,37.3,46.4,4.3,11.2,38.0,7.3,9.2,79.6,3.1,13.3,16.4,9.7,5.9,4.1,2.7,2.2,8.6,8.0,46.2,-0.9
"Gibson, Taj",CHI,55,27,28,27.3,22.9,49.4,46.2,4.9,13.1,37.1,7.7,10.2,75.7,5.6,18.2,23.8,13.6,7.5,4.2,3.1,3.4,10.6,9.3,58.3,0.3
"Ginobili, Manu",SAS,69,51,18,18.7,14.5,32.4,44.8,3.1,9.3,33.1,7.6,9.6,79.4,3.7,12.4,16.0,8.2,6.5,3.4,1.7,2.0,8.4,8.0,39.8,-3.7
"Gobert, Rudy",UTA,81,51,30,33.9,25.0,57.7,43.3,5.6,15.9,35.5,10.4,13.7,76.1,6.6,21.5,28.0,12.1,8.5,5.3,2.6,3.7,14.6,12.9,66.1,-5.4
"Goodwin, Archie",NOP,3,1,2,9.9,10.3,19.7,52.5,3.7,7.3,50.0,2.0,2.7,75.0,2.3,5.3,7.7,6.0,2.0,1.0,0.0,1.7,4.7,2.3,26.3,0.7
"Goodwin, Archie",BKN,12,7,5,15.4,12.6,28.3,44.5,3.2,9.3,33.9,5.8,7.4,78.7,3.5,10.8,14.3,7.9,4.3,3.3,1.7,1.3,6.7,6.3,34.2,2.8
"Gordon, Aaron",ORL,80,29,51,28.7,24.5,52.0,47.0,5.5,15.2,36.1,10.3,13.3,77.5,5.9,20.7,26.6,13.9,7.9,4.2,3.1,2.9,10.5,11.4,64.8,2.0
"Gordon, Eric",HOU,75,50,25,31.0,26.0,57.8,44.9,6.3,19.0,33.0,11.5,14.8,77.3,7.3,21.7,29.0,15.0,9.6,5.2,3.3,2.9,13.5,13.1,69.7,-3.9
"Gortat, Marcin",WAS,82,49,33,31.2,26.0,55.2,47.2,6.3,17.2,36.6,10.9,14.1,77.3,6.6,21.2,27.8,15.2,9.8,4.7,3.0,2.5,12.3,12.2,69.3,-2.5
"Graham, Treveon",CHA,27,10,17,7.0,5.6,12.5,44.7,1.5,4.9,30.1,1.9,2.1,87.7,1.3,5.1,6.4,3.5,1.6,1.0,0.7,0.6,3.1,2.2,14.5,1.4
"Grant, Jerami",PHI,2,0,2,20.6,16.0,38.0,42.1,3.0,9.5,31.6,10.0,14.0,71.4,4.5,15.5,20.0,9.5,3.5,3.5,1.5,4.5,8.0,9.5,45.0,7.0
"Grant, Jerami",OKC,78,43,35,19.1,15.8,34.1,46.4,3.6,10.0,36.1,8.1,10.6,76.7,3.9,12.9,16.7,8.3,5.2,3.1,2.2,2.3,8.6,8.7,43.3,2.2
"Grant, Jerian",CHI,63,29,34,16.3,13.2,29.3,45.2,3.1,9.3,33.3,4.7,6.0,78.5,3.2,11.3,14.5,7.9,4.3,2.2,1.7,1.4,6.5,5.7,34.3,-0.8
"Green, Danny",SAS,68,51,17,26.6,20.1,46.2,43.6,4.6,13.3,35.0,8.1,10.6,76.1,5.7,17.0,22.8,11.9,7.3,3.8,2.0,3.5,10.7,9.1,53.0,-3.9
"Green, Draymond",GSW,76,62,14,32.5,25.8,60.2,42.9,6.4,19.3,33.4,11.6,15.4,75.3,8.0,21.4,29.4,15.2,11.2,5.7,2.7,4.6,13.5,12.9,69.7,-10.8
"Green, Gerald",BOS,47,32,15,11.4,9.1,20.3,44.7,2.1,6.7,31.8,4.7,6.2,75.7,2.4,8.6,11.0,5.5,3.0,1.7,1.2,1.0,4.7,5.3,25.0,-0.2
"Green, JaMychal",MEM,77,40,37,27.3,19.9,44.6,44.6,5.8,16.2,35.7,10.7,14.1,75.9,5.1,18.2,23.3,11.8,8.2,4.2,2.7,2.2,10.9,12.4,56.3,0.4
"Green, Jeff",ORL,69,26,43,22.2,18.1,40.0,45.3,4.7,12.9,36.3,8.0,10.5,76.5,4.6,16.8,21.4,10.6,5.9,3.6,2.5,2.4,9.6,8.8,48.9,4.3
"Griffin, Blake",LAC,61,40,21,34.0,27.4,60.4,45.3,6.6,18.6,35.6,11.9,15.4,77.7,6.7,22.0,28.6,16.6,9.6,5.0,2.0,3.0,17.7,12.9,73.3,-7.2
"Hamilton, Justin",BKN,64,14,50,18.4,16.2,34.8,46.5,3.8,10.4,36.7,7.2,9.1,78.8,4.3,14.5,18.8,8.8,5.1,4.0,2.1,1.8,7.3,7.7,43.4,4.6
"Hammons, AJ",DAL,22,4,18,7.4,5.5,12.5,43.6,1.3,4.1,32.2,3.0,3.9,77.9,1.6,5.5,7.1,3.2,2.3,1.0,1.0,1.3,2.7,3.0,15.3,0.2
"Hardaway Jr., Tim",ATL,79,42,37,27.3,21.9,49.5,44.3,6.4,17.8,36.0,8.6,11.3,76.0,6.0,18.1,24.1,13.1,8.7,5.1,2.7,2.5,12.4,10.2,58.8,-2.0
"Harden, James",HOU,81,54,27,36.4,31.5,67.1,47.0,7.8,22.1,35.1,12.8,16.6,77.0,7.7,25.0,32.7,18.6,11.1,6.5,3.6,3.0,15.6,14.5,83.6,-5.2
"Harkless, Maurice",POR,77,38,39,28.9,23.5,52.1,45.2,5.5,15.0,36.6,12.9,16.5,78.5,6.4,19.6,25.9,12.8,7.5,4.7,3.3,3.2,11.8,13.0,65.5,-0.6
"Harper, Justin",PHI,3,1,2,10.4,9.7,19.7,49.2,1.3,5.3,25.0,4.3,5.0,86.7,2.0,7.3,9.3,5.0,2.3,3.0,2.3,1.0,2.0,4.7,25.0,3.7
"Harrell, Montrezl",HOU,58,39,19,18.3,15.9,34.4,46.4,3.9,11.1,34.8,6.6,8.7,75.9,4.8,12.7,17.5,9.3,5.5,3.3,1.8,1.8,7.9,7.8,42.4,-1.8
"Harris, Devin",DAL,65,29,36,16.7,12.5,27.5,45.4,3.2,9.3,34.5,6.3,8.4,74.5,3.2,12.0,15.2,7.3,5.3,2.3,1.4,1.3,7.7,7.1,34.4,-0.6
"Harris, Gary",DEN,57,29,28,31.3,28.3,57.3,49.5,6.9,17.5,39.3,10.6,13.5,78.9,5.9,19.9,25.8,16.7,7.8,5.4,2.6,2.2,12.6,11.6,74.2,-1.4
"Harris, Joe",BKN,52,10,42,21.9,18.8,42.1,44.7,4.4,13.5,32.9,10.1,12.8,78.6,5.1,16.7,21.8,10.1,5.7,4.8,2.8,1.9,9.1,10.5,52.1,5.5
"Harris, Manny",DAL,4,1,3,6.2,5.5,9.5,57.9,0.8,2.5,30.0,4.3,4.8,89.5,1.3,6.0,7.3,3.0,2.0,0.8,1.8,0.5,2.8,3.5,16.0,5.3
"Harris, Tobias",DET,82,37,45,31.3,24.8,54.2,45.8,6.1,16.7,36.7,10.8,13.7,79.2,5.2,22.4,27.6,15.3,8.1,4.5,2.7,2.6,11.3,11.6,66.6,0.0
"Harrison, Aaron",CHA,5,2,3,3.3,2.6,5.8,44.8,0.0,1.4,0.0,1.2,2.0,60.0,0.4,3.0,3.4,0.8,0.0,0.2,0.6,0.0,1.2,1.2,6.4,1.0
"Harrison, Andrew",MEM,72,38,34,20.5,14.2,32.7,43.4,4.0,11.6,34.6,9.1,12.3,74.2,4.1,13.8,17.9,7.9,6.5,2.8,2.2,1.9,8.9,10.1,41.6,0.4
"Haslem, Udonis",MIA,16,6,10,8.1,6.9,14.0,49.6,1.1,4.1,25.8,3.0,4.2,71.6,2.0,6.6,8.6,3.1,3.0,0.9,1.1,0.8,3.6,3.6,17.9,4.3
"Hawes, Spencer",MIL,19,12,7,9.0,7.5,15.8,47.5,1.8,5.5,32.4,3.2,4.1,79.2,1.6,6.8,8.4,5.0,2.4,1.3,0.5,0.7,2.9,3.7,20.1,2.4
"Hawes, Spencer",CHA,35,15,20,17.9,15.4,33.2,46.5,4.5,12.0,37.5,5.6,7.3,77.3,3.1,13.8,16.9,9.6,4.3,2.6,2.3,2.1,7.8,6.3,41.0,3.7
"Hayward, Gordon",UTA,73,46,27,34.5,26.0,58.8,44.2,6.0,16.3,36.7,10.8,14.4,75.0,6.7,22.2,28.8,12.5,8.6,5.3,2.3,3.7,15.0,13.1,68.7,-4.8
"Henderson, Gerald",PHI,72,24,48,23.2,19.4,40.8,47.5,4.7,12.4,37.6,9.3,11.8,78.5,4.8,16.6,21.3,10.9,7.5,4.0,2.6,2.4,9.7,10.3,52.7,4.3
"Henson, John",MIL,58,26,32,19.4,15.2,33.6,45.1,4.0,11.0,36.5,7.4,9.8,75.9,4.6,13.1,17.7,9.3,5.7,2.8,1.8,2.9,7.7,8.3,41.8,0.8
"Hernangomez, Juancho",DEN,62,30,32,13.6,12.3,25.4,48.5,2.8,7.6,36.3,4.1,5.2,79.2,2.8,9.2,12.0,6.9,3.5,2.6,1.2,1.3,5.1,5.2,31.6,0.5
"Hernangomez, Willy",NYK,72,27,45,18.4,15.3,33.4,45.6,3.5,10.6,32.9,6.7,8.9,74.7,4.6,12.1,16.7,8.0,5.1,3.1,1.8,1.9,7.2,7.4,40.7,0.8
"Hezonja, Mario",ORL,65,20,45,14.8,12.2,26.0,47.1,3.0,8.2,36.6,5.3,7.0,75.8,3.3,11.4,14.7,7.1,4.1,2.5,1.3,1.3,6.0,6.1,32.8,4.4
"Hibbert, Roy",CHA,42,19,23,16.0,13.2,30.2,43.6,3.7,9.8,38.0,4.7,6.1,76.4,3.4,11.8,15.2,7.9,3.5,2.4,1.6,1.9,6.9,6.1,34.8,0.2
"Hibbert, Roy",DEN,6,5,1,1.8,2.0,3.8,52.2,0.2,0.3,50.0,0.3,0.8,40.0,0.3,1.0,1.3,0.8,0.3,0.5,0.0,0.5,0.2,0.5,4.5,2.2
"Hield, Buddy",NOP,57,23,34,20.4,17.2,37.4,46.1,4.4,12.5,34.8,6.4,8.3,77.2,4.2,16.1,20.4,9.7,5.7,3.4,2.0,2.1,7.4,7.4,45.2,2.6
"Hield, Buddy",SAC,25,8,17,29.1,23.9,52.2,45.8,6.0,18.0,33.4,10.4,13.9,75.2,7.1,19.7,26.8,14.6,7.5,5.0,2.6,2.2,10.0,11.6,64.2,2.5
"Hill, George",UTA,49,33,16,31.5,23.4,53.0,44.1,5.5,15.0,36.4,9.4,12.2,77.5,5.1,20.6,25.7,11.4,7.8,4.5,2.5,3.1,13.3,11.3,61.6,-5.3
"Hill, Jordan",MIN,7,2,5,6.7,3.9,10.1,38.0,0.9,3.7,23.1,3.1,4.4,71.0,2.0,3.9,5.9,2.3,2.4,1.3,0.6,0.4,2.7,3.0,11.7,-1.7
"Hill, Solomon",NOP,80,34,46,29.7,24.3,54.4,44.7,6.1,18.2,33.5,9.9,13.3,74.4,6.6,23.0,29.6,14.3,8.8,4.6,2.4,3.3,11.8,11.3,64.6,-0.1
"Hilliard, Darrun",DET,39,19,20,9.8,7.2,16.3,44.2,1.6,4.8,34.0,3.5,4.7,73.9,1.5,6.8,8.3,4.7,2.5,1.3,0.9,0.5,3.6,4.0,19.5,-0.3
"Holiday, Jrue",NOP,67,32,35,32.7,26.3,60.0,43.9,6.9,20.6,33.3,10.6,14.1,74.6,7.3,25.5,32.8,15.1,9.3,5.1,2.9,3.8,12.9,11.9,70.1,-0.6
"Holiday, Justin",NYK,82,31,51,20.0,15.4,35.2,43.7,4.2,12.1,34.3,8.2,10.7,76.3,4.6,13.5,18.0,7.8,5.7,3.0,2.1,2.3,8.0,9.0,43.0,0.5
"Hollis-Jefferson, Rondae",BKN,78,19,59,22.6,19.8,43.1,46.0,4.5,12.3,36.3,9.1,12.0,75.7,5.0,17.3,22.3,11.1,6.5,4.4,2.6,2.3,10.0,9.8,53.2,3.4
"Holmes, Richaun",PHI,57,16,41,20.9,17.6,37.5,47.1,3.8,10.6,35.9,9.6,12.2,78.5,4.8,14.7,19.5,10.1,6.2,4.0,2.1,2.0,7.4,9.9,48.7,4.0
"Hood, Rodney",UTA,59,40,19,27.0,20.4,46.5,43.9,4.4,12.2,35.9,8.7,10.9,79.8,5.1,17.2,22.3,10.4,6.3,4.1,2.0,2.8,11.0,10.6,54.0,-1.8
"Horford, Al",BOS,68,46,22,32.3,26.0,58.0,44.9,6.2,18.4,33.6,12.2,15.7,77.5,7.4,22.7,30.1,15.3,9.1,5.1,3.0,2.9,13.1,12.7,70.4,-3.2
"House Jr., Danuel",WAS,1,0,1,0.8,0.0,1.0,0.0,0.0,1.0,0.0,0.0,0.0,0.0,0.0,1.0,1.0,0.0,0.0,0.0,0.0,0.0,0.0,0.0,0.0,0.0
"Howard, Dwight",ATL,74,37,37,29.7,24.2,54.4,44.5,6.8,18.5,36.7,8.7,11.5,76.2,6.6,19.3,25.9,15.1,9.1,6.1,3.4,3.0,13.2,11.0,63.9,1.5
"Huertas, Marcelo",LAL,23,5,18,10.3,9.3,17.9,51.7,2.4,6.1,40.0,3.1,4.1,75.8,2.1,8.0,10.1,5.7,3.7,2.0,1.1,0.6,4.4,3.7,24.1,1.9
"Huestis, Josh",OKC,2,0,2,15.4,12.5,29.0,43.1,2.5,9.5,26.3,9.5,12.0,79.2,0.5,10.5,11.0,7.0,1.5,3.0,1.5,2.5,2.5,7.5,37.0,-1.5
"Humphries, Kris",ATL,56,31,25,12.3,9.6,21.3,45.0,2.3,7.3,32.0,4.1,5.4,77.0,2.5,8.8,11.3,5.5,4.0,2.2,1.3,1.0,5.2,4.7,25.6,1.2
"Hunter, RJ",CHI,3,2,1,3.1,1.7,5.3,31.3,0.0,2.3,0.0,1.7,2.7,62.5,1.0,4.3,5.3,1.3,0.3,0.7,1.0,0.0,0.0,1.7,5.0,3.3
"Ibaka, Serge",ORL,56,21,35,30.5,25.4,54.0,47.0,5.9,15.5,37.7,11.5,15.0,76.6,5.9,22.1,27.9,14.6,8.2,4.8,3.2,3.4,10.9,12.6,68.1,3.3
"Ibaka, Serge",TOR,23,16,7,31.0,24.2,54.5,44.4,5.7,16.9,33.4,10.7,13.6,78.3,6.2,19.7,25.8,14.1,7.3,4.7,2.4,3.1,12.7,13.0,64.7,-1.9
"Iguodala, Andre",GSW,76,64,12,26.3,20.5,48.0,42.6,4.8,14.9,32.4,10.8,14.1,77.0,6.8,17.5,24.3,11.6,8.6,4.3,1.9,4.0,11.1,10.9,56.6,-6.9
"Ilyasova, Ersan",ATL,26,11,15,24.4,19.0,44.3,42.9,5.4,16.1,33.4,8.7,11.3,77.2,6.0,16.1,22.1,12.5,7.6,4.1,2.5,2.4,12.0,10.2,52.2,-1.7
"Ilyasova, Ersan",PHI,53,21,32,27.3,22.1,48.5,45.5,4.9,13.7,36.0,11.3,14.5,77.5,6.5,19.8,26.2,12.6,9.2,4.4,2.8,3.2,11.3,12.8,60.4,1.7
"Ilyasova, Ersan",OKC,3,3,0,20.7,16.0,37.0,43.2,2.7,12.0,22.2,9.7,12.0,80.6,4.0,14.3,18.3,7.7,9.3,4.3,3.0,1.3,8.0,9.3,44.3,-4.7
"Ingles, Joe",UTA,82,51,31,24.1,18.4,40.6,45.3,4.3,11.9,36.1,8.3,10.7,77.7,4.5,15.0,19.5,8.8,6.4,3.8,1.9,2.5,10.0,9.4,49.4,-1.9
"Ingram, Brandon",LAL,79,26,53,28.9,25.1,51.5,48.7,6.2,16.3,37.8,11.6,15.3,76.0,6.5,20.1,26.7,15.4,8.6,5.0,3.2,2.3,11.7,12.6,68.0,4.8
"Irving, Kyrie",CLE,72,47,25,35.1,30.1,65.0,46.3,7.7,20.8,36.7,10.7,13.8,77.5,8.1,23.6,31.7,18.6,9.0,5.2,3.2,3.0,14.5,12.6,78.5,-4.6
"Jack, Jarrett",NOP,2,1,1,16.5,13.5,28.5,47.4,2.5,8.5,29.4,4.0,5.0,80.0,3.5,11.5,15.0,5.5,5.5,4.5,1.5,0.5,9.0,6.5,33.5,3.0
"Jackson, Demetrius",BOS,5,1,4,3.4,2.4,5.2,46.2,0.8,1.4,57.1,1.8,2.0,90.0,0.8,2.8,3.6,1.4,1.0,0.2,0.4,0.4,2.4,1.6,7.4,-0.2
"Jackson, Pierre",DAL,9,4,5,9.4,6.1,15.0,40.7,1.3,5.0,26.7,2.9,3.7,78.8,1.8,7.4,9.2,2.8,4.2,0.3,0.9,0.7,4.6,3.3,16.4,-6.1
"Jackson, Reggie",DET,52,23,29,27.4,22.9,46.6,49.2,5.8,14.4,39.9,9.2,11.6,79.1,4.2,20.8,24.9,14.7,7.5,3.9,2.2,2.0,9.5,10.4,60.8,4.3
"James, LeBron",CLE,74,51,23,37.8,31.7,68.9,46.0,7.9,22.2,35.5,11.4,14.6,78.1,8.2,25.0,33.2,19.5,10.1,5.7,3.1,3.1,16.5,13.5,82.7,-6.5
"Jefferson, Al",IND,66,33,33,14.1,10.8,23.7,45.5,2.9,8.2,35.7,6.2,7.9,78.2,2.8,10.2,13.0,6.4,4.0,2.1,1.6,1.0,5.4,6.4,30.7,1.5
"Jefferson, Richard",CLE,79,50,29,20.4,16.5,37.2,44.4,4.3,12.0,35.5,7.2,9.2,78.2,4.6,13.9,18.5,9.8,5.0,3.0,1.8,1.6,9.2,7.9,44.5,-1.6
"Jenkins, John",PHX,4,0,4,3.2,2.8,5.3,52.4,0.5,1.3,40.0,1.0,1.5,66.7,0.5,2.3,2.8,2.0,1.0,0.0,0.0,0.5,1.8,1.0,7.0,-2.3
"Jennings, Brandon",WAS,23,13,10,16.2,13.7,29.0,47.1,3.0,8.5,35.9,5.0,6.9,72.3,3.6,11.0,14.6,7.3,4.8,2.3,2.0,0.9,6.4,7.5,35.3,-1.3
"Jennings, Brandon",NYK,58,24,34,24.6,20.1,44.4,45.2,4.7,14.1,33.5,10.5,13.5,78.0,6.1,17.1,23.1,10.7,6.8,3.8,2.0,3.2,9.6,11.4,55.3,1.6
"Jerebko, Jonas",BOS,78,51,27,15.8,12.8,28.3,45.2,2.9,8.9,32.5,6.1,8.1,75.7,3.6,10.7,14.3,7.4,4.5,2.4,1.8,1.4,6.4,6.9,34.7,-0.5
"Johnson, Amir",BOS,80,51,29,20.1,16.0,35.7,44.7,3.4,10.7,31.9,7.4,9.7,76.3,4.4,13.7,18.2,9.4,5.8,3.3,2.1,1.9,7.6,8.5,42.8,-2.6
"Johnson, Brice",LAC,3,1,2,3.1,2.3,5.3,43.8,0.3,1.0,33.3,0.0,0.0,0.0,0.7,1.3,2.0,1.0,1.7,0.7,0.7,0.3,0.7,0.3,5.0,-2.3
"Johnson, James",MIA,76,40,36,27.4,20.8,47.4,44.0,4.7,13.5,34.6,11.1,14.1,79.0,5.6,19.2,24.8,10.9,8.2,4.0,2.7,3.6,11.2,11.9,57.5,-1.8
"Johnson, Joe",UTA,78,47,31,23.6,17.8,39.9,44.6,3.9,11.5,33.6,8.6,11.1,78.1,4.5,15.3,19.7,8.6,5.8,3.4,1.8,2.2,9.4,9.6,48.1,-1.5
"Johnson, Stanley",DET,77,35,42,17.8,13.6,30.1,45.4,3.5,9.6,36.0,6.6,8.1,81.2,2.6,12.1,14.6,8.3,5.0,2.5,1.6,1.5,6.8,7.1,37.3,0.0
"Johnson, Tyler",MIA,73,35,38,29.8,22.9,51.5,44.6,4.8,14.4,33.7,12.3,15.5,79.8,6.0,20.6,26.7,11.8,8.7,4.2,3.2,3.6,12.3,13.0,63.1,-0.5
"Johnson, Wesley",LAC,68,40,28,11.9,9.2,20.7,44.3,2.2,6.4,35.2,4.8,6.3,76.0,2.6,9.0,11.5,5.4,3.4,1.7,0.8,1.1,4.8,5.6,25.4,0.8
"Jokic, Nikola",DEN,73,37,36,27.9,24.5,51.3,47.8,5.7,15.3,37.0,9.1,11.7,77.9,5.1,17.7,22.7,14.5,6.7,4.8,2.6,2.0,11.6,10.2,63.8,-4.1
"Jones Jr., Derrick",PHX,32,7,25,17.0,13.8,31.1,44.3,2.9,9.3,31.8,7.6,10.0,76.0,4.0,11.8,15.8,7.7,5.3,2.6,1.6,2.3,8.1,8.7,38.1,-1.0
"Jones, Dahntay",CLE,1,0,1,12.0,10.0,23.0,43.5,3.0,6.0,50.0,0.0,0.0,0.0,3.0,9.0,12.0,6.0,1.0,0.0,2.0,3.0,7.0,1.0,23.0,-2.0
"Jones, Damian",GSW,10,7,3,8.5,7.2,13.9,51.8,1.7,4.5,37.8,2.3,3.3,69.7,1.7,5.9,7.6,5.1,3.6,1.8,1.1,1.0,3.5,3.5,18.4,2.8
"Jones, James",CLE,48,28,20,7.9,6.5,13.9,46.6,1.9,4.5,41.7,3.0,4.0,75.9,2.0,6.1,8.2,3.7,2.5,1.2,0.6,0.9,3.3,3.3,17.9,2.1
"Jones, Terrence",MIL,3,1,2,2.2,1.3,3.7,36.4,0.3,1.7,20.0,1.0,1.3,75.0,0.3,2.0,2.3,1.0,0.7,0.3,0.0,0.3,0.7,0.7,4.0,2.0
"Jones, Terrence",NOP,51,19,32,24.8,20.4,45.5,44.9,5.5,15.3,36.3,7.6,10.4,73.7,5.5,19.9,25.4,12.0,6.9,3.5,2.6,3.1,9.9,9.0,54.1,1.0
"Jones, Tyus",MIN,60,23,37,12.9,10.2,21.6,47.2,2.5,7.0,35.3,5.5,7.2,76.8,2.8,8.3,11.2,5.5,4.3,1.9,1.1,1.0,5.9,6.0,28.4,-0.6
"Jordan, DeAndre",LAC,81,51,30,31.7,25.4,56.8,44.8,6.2,17.7,35.0,10.8,14.1,76.7,6.3,20.7,27.1,15.7,8.7,4.7,2.0,2.8,15.6,11.9,67.9,-5.6
"Joseph, Cory",TOR,80,49,31,25.0,19.5,43.3,45.0,5.2,14.6,35.5,10.3,12.9,80.4,5.3,16.8,22.1,11.3,7.3,3.3,2.4,2.5,10.7,11.0,54.5,-0.5
"Kaminsky, Frank",CHA,75,31,44,26.1,21.5,46.7,45.9,6.2,17.0,36.5,8.0,10.3,77.7,5.0,19.1,24.1,13.3,7.0,3.5,2.6,2.5,10.7,9.3,57.1,-0.6
"Kanter, Enes",OKC,72,43,29,21.3,17.3,37.4,46.2,3.6,10.6,34.5,8.8,11.5,76.3,4.3,13.0,17.3,9.6,5.4,3.8,2.7,2.1,9.4,9.7,47.1,-0.8
"Kelly, Ryan",ATL,16,6,10,6.9,5.1,12.1,42.3,1.1,4.1,26.2,1.8,2.4,76.3,1.5,5.4,6.9,2.7,2.2,1.1,0.8,0.9,2.6,2.0,13.1,-0.3
"Kidd-Gilchrist, Michael",CHA,81,36,45,29.0,23.3,51.9,45.0,7.2,19.1,37.7,7.9,10.1,78.4,5.1,21.4,26.5,14.8,8.3,4.0,3.7,3.0,11.4,9.3,61.8,0.1
"Kilpatrick, Sean",BKN,70,14,56,25.1,21.9,47.4,46.2,5.2,14.5,35.9,9.7,12.9,75.5,5.8,18.4,24.3,12.0,6.7,5.1,3.0,2.4,10.5,10.9,58.6,3.2
"Knight, Brandon",PHX,54,16,38,21.1,17.7,37.2,47.6,4.4,11.3,39.3,10.6,13.3,79.5,4.2,14.9,19.1,9.4,6.6,3.6,2.5,2.1,9.8,11.8,50.4,6.0
"Korver, Kyle",CLE,35,17,18,24.5,21.1,45.1,46.7,5.8,15.2,38.0,9.4,11.7,80.5,5.6,16.9,22.5,13.1,6.1,4.1,2.2,2.1,10.8,10.0,57.4,1.6
"Korver, Kyle",ATL,32,16,16,28.0,23.8,50.9,46.8,5.8,15.8,36.9,8.6,11.1,77.2,6.0,19.1,25.1,13.7,8.5,5.5,3.0,3.2,11.3,10.4,62.1,3.5
"Koufos, Kosta",SAC,71,27,44,20.0,15.8,34.6,45.5,4.5,11.7,38.1,7.1,9.1,77.8,4.2,13.7,17.9,9.5,5.5,3.3,2.2,1.7,7.4,8.2,43.1,2.2
"Kuzminskas, Mindaugas",NYK,68,24,44,14.9,12.0,26.7,45.1,2.9,8.6,33.4,5.5,7.1,76.9,3.5,9.7,13.2,6.5,4.5,2.6,1.8,1.9,5.9,6.6,32.4,0.0
"LaVine, Zach",MIN,47,16,31,37.2,30.7,63.6,48.2,7.4,19.9,37.1,13.5,17.6,76.7,7.3,24.0,31.3,17.9,10.6,6.1,4.3,3.7,15.1,15.6,82.2,2.5
"Labissiere, Skal",SAC,33,9,24,18.5,15.4,33.5,45.8,4.4,12.5,35.3,5.4,7.4,73.0,4.2,12.8,16.9,9.9,5.2,3.2,2.0,1.5,7.5,6.5,40.5,1.2
"Lamb, Jeremy",CHA,62,27,35,18.4,14.8,32.8,45.1,4.5,12.2,37.4,6.0,7.8,77.1,3.7,13.2,16.9,9.3,4.4,2.4,1.7,1.9,7.7,6.9,40.1,0.6
"Laprovittola, Nicolas",SAS,18,15,3,9.7,7.4,16.5,45.1,1.9,5.4,35.1,3.6,4.8,74.4,1.9,7.0,8.9,4.3,2.8,1.7,0.8,1.2,4.1,4.2,20.3,2.4
"Lauvergne, Joffrey",OKC,50,30,20,14.8,12.2,25.8,47.3,2.4,7.3,33.6,6.0,7.9,76.8,2.9,9.5,12.4,6.3,3.9,2.2,1.8,1.3,6.3,6.2,32.9,1.5
"Lauvergne, Joffrey",CHI,20,11,9,12.1,10.0,22.4,44.6,2.8,8.1,34.2,3.3,4.5,73.0,3.1,9.1,12.2,6.1,3.4,2.1,1.2,1.0,4.3,3.9,26.0,0.6
"Lawson, Ty",SAC,69,25,44,25.1,19.8,43.8,45.1,5.6,15.7,35.7,10.7,13.7,78.7,5.7,17.0,22.7,11.6,7.3,4.3,3.0,2.0,11.1,11.5,55.9,2.3
"Layman, Jake",POR,35,16,19,7.1,5.1,12.6,40.5,1.3,3.9,33.8,3.0,3.9,76.1,1.7,5.4,7.1,2.9,1.9,1.0,0.6,0.6,2.7,2.8,14.5,0.0
"LeVert, Caris",BKN,57,15,42,21.7,18.5,40.5,45.8,4.1,11.2,36.7,9.8,12.8,77.2,4.8,16.2,21.0,9.8,6.1,4.0,2.6,2.2,9.5,9.9,51.0,1.6
"Lee, Courtney",NYK,77,29,48,31.9,27.0,57.8,46.6,6.3,18.2,34.6,11.8,15.4,76.6,7.8,22.0,29.7,15.0,8.2,4.6,2.8,3.4,11.5,12.7,72.1,3.0
"Lee, David",SAS,79,58,21,18.7,14.5,33.1,43.8,3.4,9.9,34.2,5.7,7.5,76.1,4.0,12.0,16.0,8.4,6.0,3.1,1.6,2.3,7.5,7.2,38.1,-4.0
"Len, Alex",PHX,77,21,56,20.3,17.2,36.7,46.9,4.5,11.2,40.0,9.5,12.4,76.6,4.4,14.4,18.8,9.8,6.0,3.6,2.5,2.5,8.6,10.6,48.4,5.2
"Leonard, Kawhi",SAS,74,54,20,33.4,26.2,57.7,45.4,6.1,16.2,37.6,10.8,13.8,78.5,6.6,21.9,28.5,15.9,9.5,4.7,2.2,4.1,14.1,11.9,69.3,-5.9
"Leonard, Meyers",POR,74,37,37,16.5,13.1,28.7,45.5,2.9,7.8,37.3,7.5,9.6,78.7,3.3,12.6,15.8,6.6,4.3,2.5,1.6,1.5,6.1,7.2,36.6,0.4
"Leuer, Jon",DET,75,34,41,25.9,20.4,44.7,45.6,4.9,13.5,36.4,8.8,11.4,77.0,4.1,18.7,22.8,12.5,6.7,3.7,2.4,2.1,9.7,9.7,54.5,1.0
"Liggins, DeAndre",DAL,1,1,0,24.6,18.0,41.0,43.9,2.0,9.0,22.2,8.0,9.0,88.9,6.0,15.0,21.0,10.0,7.0,0.0,4.0,1.0,8.0,9.0,46.0,-7.0
"Liggins, DeAndre",CLE,61,39,22,12.3,10.0,21.9,45.8,2.5,7.1,35.0,3.8,5.0,74.9,2.7,8.3,11.0,6.0,3.5,1.8,1.4,1.0,5.3,4.7,26.3,-0.8
"Lillard, Damian",POR,75,38,37,35.9,29.2,63.7,45.8,6.8,18.7,36.4,15.9,20.1,79.2,7.6,25.0,32.6,15.3,9.6,5.5,4.1,3.7,15.1,15.7,81.1,-1.1
"Lin, Jeremy",BKN,36,13,23,24.5,21.5,47.0,45.8,4.6,12.8,35.7,10.8,13.5,80.0,5.1,18.8,23.9,12.7,7.1,5.0,2.8,2.8,11.3,11.4,58.4,2.3
"Livingston, Shaun",GSW,76,63,13,17.7,13.7,32.2,42.6,3.1,10.1,30.4,6.2,8.1,76.6,4.3,11.6,15.9,8.1,5.2,3.1,1.2,2.6,7.2,7.3,36.7,-2.0
"Long, Shawn",PHI,18,5,13,13.0,10.4,22.7,45.8,2.2,6.7,33.1,6.4,8.3,76.7,2.9,8.1,10.9,5.8,3.8,2.1,1.4,1.0,5.2,6.8,29.4,-1.1
"Looney, Kevon",GSW,53,44,9,8.4,6.8,15.5,44.1,1.6,4.7,33.2,3.2,4.2,75.4,1.9,5.6,7.6,3.9,2.5,1.8,0.7,1.4,3.1,3.3,18.5,0.3
"Lopez, Brook",BKN,75,20,55,29.6,25.7,56.2,45.8,5.8,15.9,36.3,11.6,15.3,75.8,6.5,22.3,28.8,14.3,7.5,5.6,3.5,3.2,12.9,12.8,68.8,2.1
"Lopez, Robin",CHI,81,40,41,28.0,23.2,50.5,45.9,5.0,13.8,36.5,7.9,10.1,78.1,5.9,19.0,24.9,13.6,7.4,4.2,2.7,3.1,10.6,9.5,59.3,-0.9
"Love, Kevin",CLE,60,40,20,31.4,26.5,57.5,46.0,6.7,19.2,34.8,9.1,11.9,76.2,6.8,20.8,27.5,16.5,8.8,4.9,3.2,2.4,13.8,11.1,68.7,-5.6
"Lowry, Kyle",TOR,60,36,24,37.4,29.1,63.9,45.6,7.6,20.6,36.6,13.3,17.3,76.5,7.9,24.6,32.5,17.2,12.0,5.1,3.7,3.5,16.2,15.9,79.1,-5.9
"Lucas III, John",MIN,5,3,2,2.1,1.2,3.4,35.3,0.0,0.2,0.0,0.4,0.4,100,0.6,1.2,1.8,0.6,1.0,0.2,0.0,0.4,1.4,0.4,2.8,-2.4
"Luwawu-Cabarrot, Timothe",PHI,69,23,46,17.2,13.6,30.4,44.8,2.9,8.6,33.8,7.7,9.9,77.1,3.9,12.3,16.2,7.9,5.6,3.1,1.9,1.6,6.9,8.1,37.9,0.8
"Lyles, Trey",UTA,71,43,28,16.3,12.3,28.1,43.9,2.8,7.8,35.9,5.6,7.5,75.3,3.2,11.1,14.4,6.3,4.0,2.2,1.4,1.7,6.7,6.6,33.0,-0.4
"Mac, Sheldon",WAS,30,17,13,9.6,7.7,16.7,46.0,1.8,4.7,38.0,3.2,4.5,70.6,2.0,7.1,9.1,4.3,2.8,1.3,0.8,0.6,3.6,4.0,20.4,1.8
"Mack, Shelvin",UTA,55,34,21,21.9,16.7,37.6,44.4,3.8,10.3,37.1,7.4,9.5,78.0,4.5,14.0,18.5,8.2,5.3,3.7,1.5,2.3,9.1,8.7,44.6,-0.3
"Mahinmi, Ian",WAS,31,19,12,17.9,13.9,30.8,45.2,3.5,9.7,36.0,6.6,8.9,74.5,3.9,11.8,15.7,8.1,5.6,2.8,2.0,1.5,7.8,8.6,37.9,-1.0
"Maker, Thon",MIL,57,31,26,9.9,7.7,16.2,47.9,1.9,5.0,37.8,3.3,4.5,73.4,1.7,7.1,8.8,5.2,3.2,1.3,0.8,1.1,3.9,3.9,20.7,0.5
"Marjanovic, Boban",DET,35,16,19,8.4,6.4,14.5,44.2,1.9,4.8,38.9,2.4,3.2,75.2,1.3,5.9,7.2,4.0,2.1,1.1,1.0,0.7,3.4,2.7,17.1,-0.9
"Martin, Jarell",MEM,42,23,19,13.3,9.0,21.9,41.1,2.7,8.3,33.0,6.4,8.5,75.3,2.7,9.7,12.4,5.1,4.3,1.8,1.9,1.2,5.4,7.1,27.1,1.7
"Matthews, Wesley",DAL,73,29,44,34.2,26.1,55.8,46.7,6.8,17.6,38.5,12.8,16.3,78.3,6.5,25.8,32.3,15.1,10.6,4.6,2.3,2.4,13.2,13.7,71.7,2.6
"Mbah a Moute, Luc",LAC,80,49,31,22.3,17.9,40.6,44.1,4.4,12.4,35.4,7.2,9.2,78.1,4.7,14.7,19.4,10.5,6.5,3.3,1.4,2.2,10.0,8.2,47.4,-3.3
"McAdoo, James Michael",GSW,52,43,9,8.8,7.2,16.3,43.9,1.4,4.7,31.0,3.0,3.9,77.1,2.4,6.2,8.6,4.4,2.9,1.7,0.6,1.5,3.3,3.4,18.8,0.8
"McCaw, Patrick",GSW,71,57,14,15.1,13.0,28.1,46.1,2.7,8.2,33.5,5.3,7.0,75.1,3.6,10.7,14.3,8.0,4.7,3.0,1.4,2.2,5.7,6.0,33.9,0.6
"McCollum, CJ",POR,80,40,40,34.9,28.3,62.3,45.5,6.8,18.1,37.8,14.5,18.8,77.0,7.5,24.0,31.5,14.6,9.3,5.3,3.8,3.9,14.2,15.4,78.0,-0.8
"McConnell, T.J.",PHI,81,27,54,26.3,21.9,47.2,46.5,4.9,13.8,35.3,11.3,14.4,78.4,6.0,19.0,25.0,12.7,8.8,4.6,3.0,2.8,10.6,11.7,60.0,3.9
"McCullough, Chris",WAS,2,1,1,4.1,3.5,7.0,50.0,1.0,2.5,40.0,1.5,3.0,50.0,1.5,3.0,4.5,1.0,1.5,0.5,0.0,0.0,3.0,2.0,9.5,1.0
"McCullough, Chris",BKN,14,0,14,5.2,4.0,9.5,42.1,0.9,3.3,26.1,1.1,1.1,93.8,1.3,3.3,4.6,2.2,1.9,1.0,0.9,0.4,2.0,1.4,9.9,-3.7
"McDaniels, KJ",BKN,20,7,13,14.7,12.0,27.0,44.4,2.8,8.3,33.9,5.8,7.6,76.2,3.7,10.8,14.4,6.9,4.3,3.0,1.2,1.5,6.3,6.1,32.6,1.0
"McDaniels, KJ",HOU,29,21,8,7.3,6.0,13.1,45.5,1.8,4.8,37.0,3.2,4.0,80.3,1.7,4.4,6.2,3.4,2.2,1.6,0.7,0.8,2.1,3.3,16.9,0.9
"McDermott, Doug",CHI,44,22,22,24.5,20.0,44.0,45.6,4.6,13.0,35.4,7.9,10.1,78.0,5.0,15.7,20.7,11.8,5.8,3.8,2.3,2.2,9.9,9.5,52.6,-0.2
"McDermott, Doug",OKC,22,13,9,19.5,16.7,34.1,48.9,3.2,8.8,36.8,8.1,10.7,75.8,3.7,12.6,16.3,8.1,4.4,3.3,2.1,1.5,8.1,9.0,44.7,1.8
"McGee, JaVale",GSW,77,62,15,9.6,7.9,18.5,43.0,1.9,6.1,31.8,3.7,4.9,75.6,2.5,6.0,8.5,4.7,2.8,1.7,0.8,1.5,3.7,3.8,21.5,-4.1
"McGruder, Rodney",MIA,78,40,38,25.2,20.2,44.1,45.9,3.9,11.5,34.1,9.2,11.9,77.5,5.4,16.8,22.2,10.4,6.9,3.7,2.6,2.9,9.6,10.6,53.6,-0.1
"McLemore, Ben",SAC,61,27,34,19.3,15.3,32.9,46.6,4.7,12.2,38.2,6.8,8.9,76.9,3.7,13.2,16.9,9.6,5.7,3.6,2.0,1.5,7.6,7.6,42.1,2.2
"McRae, Jordan",CLE,37,26,11,10.4,8.9,19.0,46.7,2.1,5.6,38.0,3.8,4.8,78.7,2.8,7.6,10.4,4.5,2.7,1.4,1.2,1.0,4.2,3.9,23.6,1.6
"McRoberts, Josh",MIA,22,6,16,17.3,15.1,31.0,48.7,3.0,8.1,36.9,4.0,5.4,73.7,3.6,12.2,15.9,7.8,4.2,2.5,2.0,1.7,5.4,6.0,37.1,3.3
"Meeks, Jodie",ORL,36,14,22,20.5,17.8,37.0,48.1,4.4,11.6,38.0,7.4,9.7,76.8,4.1,15.1,19.2,10.8,5.8,3.4,1.9,2.0,7.9,8.0,47.5,2.8
"Mejri, Salah",DAL,73,29,44,12.4,8.8,19.5,45.2,2.2,6.1,36.9,4.7,6.0,78.1,2.1,8.6,10.8,5.1,4.0,1.6,0.9,1.1,5.4,5.6,24.6,0.2
"Mickey, Jordan",BOS,25,9,16,5.6,5.0,9.7,51.4,1.4,3.0,44.7,2.2,2.6,81.8,0.7,4.0,4.7,2.9,1.5,1.0,0.7,0.3,2.1,2.2,13.5,2.3
"Middleton, Khris",MIL,29,19,10,30.7,23.7,50.8,46.6,5.2,16.0,32.4,10.5,13.6,77.6,6.0,20.0,26.0,14.6,9.9,4.6,2.4,3.0,11.6,12.1,63.1,-3.1
"Miles, CJ",IND,76,39,37,23.4,17.6,39.2,44.8,5.0,13.8,36.2,10.0,12.9,77.7,4.8,16.4,21.2,10.3,7.3,3.5,2.3,2.2,8.9,10.2,50.2,-1.0
"Miller, Mike",DEN,20,9,11,7.5,6.9,14.0,48.9,1.8,4.6,38.0,2.0,2.5,80.0,1.2,4.8,5.9,4.0,2.1,1.5,0.7,0.7,2.9,2.5,17.5,0.3
"Mills, Patty",SAS,80,60,20,21.9,16.9,38.0,44.3,3.6,11.0,32.8,8.0,10.4,77.0,4.4,14.8,19.2,9.6,7.2,3.4,1.9,2.5,9.4,9.0,45.3,-5.1
"Millsap, Elijah",PHX,2,1,1,11.6,8.0,20.5,39.0,3.0,8.0,37.5,3.5,5.0,70.0,2.5,8.5,11.0,5.5,4.0,2.5,1.5,0.5,3.0,4.5,22.5,3.0
"Millsap, Paul",ATL,69,40,29,34.0,26.8,60.9,44.1,7.8,21.6,36.2,11.2,14.5,77.4,7.6,23.6,31.2,16.3,11.0,6.3,3.7,3.5,15.4,12.5,72.7,-2.0
"Mirotic, Nikola",CHI,70,37,33,24.0,19.2,42.8,44.9,4.1,12.7,32.1,7.6,10.0,75.9,5.2,16.0,21.3,11.2,6.7,3.6,2.0,2.2,10.1,9.6,50.1,-2.8
"Monroe, Greg",MIL,81,42,39,22.5,17.8,38.2,46.5,4.7,13.5,34.4,8.2,10.5,78.0,4.4,14.3,18.7,11.3,7.0,3.6,2.3,2.1,9.1,9.3,48.4,-1.7
"Moore, E'Twaun",NOP,73,32,41,24.9,20.6,45.7,45.1,5.4,14.7,37.0,8.9,11.3,78.6,5.5,19.2,24.8,12.1,7.0,3.4,2.3,3.3,10.2,9.7,55.6,1.5
"Morris, Marcus",DET,79,36,43,32.5,26.1,56.3,46.4,6.2,17.2,36.0,10.6,13.8,77.2,5.5,24.1,29.6,16.0,8.5,4.4,2.6,2.5,11.7,11.8,69.1,1.3
"Morris, Markieff",WAS,76,45,31,31.2,25.6,55.1,46.4,6.5,17.6,36.9,11.2,15.0,75.1,6.6,20.8,27.4,14.9,10.2,5.1,3.1,2.6,12.5,13.2,68.9,-2.4
"Morrow, Anthony",CHI,9,4,5,9.7,5.9,17.4,33.8,1.2,6.3,19.3,3.4,4.9,70.5,2.6,6.7,9.2,3.3,3.0,1.3,0.9,1.0,3.7,3.8,16.4,-7.6
"Morrow, Anthony",OKC,40,21,19,15.7,13.0,27.3,47.8,2.7,7.4,36.5,6.4,8.5,75.3,3.3,10.3,13.6,7.2,4.3,2.6,1.7,1.7,7.3,7.3,35.2,1.2
"Motiejunas, Donatas",NOP,34,16,18,14.1,12.6,25.8,49.1,3.6,9.1,39.3,5.1,6.3,81.7,2.9,10.6,13.5,7.2,4.2,2.4,0.9,1.2,5.8,5.1,34.0,3.5
"Mozgov, Timofey",LAL,54,16,38,20.4,17.5,36.7,47.7,4.4,11.8,37.6,6.5,8.6,75.8,3.9,15.1,19.0,11.2,5.6,3.6,2.3,1.4,7.1,8.1,46.0,3.6
"Mudiay, Emmanuel",DEN,55,25,30,25.6,23.2,47.7,48.6,5.2,13.7,38.0,9.1,11.7,77.5,5.1,16.9,22.0,13.3,6.3,4.5,2.9,2.2,10.9,9.9,60.7,2.4
"Muhammad, Shabazz",MIN,78,29,49,19.4,15.8,33.4,47.4,3.7,10.6,34.8,7.2,9.3,76.9,3.7,12.4,16.1,9.0,6.0,2.8,1.9,1.8,8.2,8.8,42.5,1.0
"Murray, Dejounte",SAS,38,29,9,8.5,6.4,14.8,43.1,1.5,4.6,32.8,2.9,3.9,75.0,1.9,5.3,7.2,3.6,2.6,1.7,0.8,1.1,3.0,3.2,17.2,0.0
"Murray, Jamal",DEN,82,40,42,21.5,18.4,39.5,46.6,4.0,11.4,35.3,7.9,10.1,78.5,4.4,14.3,18.7,10.0,5.5,3.8,2.2,1.9,8.9,8.7,48.8,-0.9
"Muscala, Mike",ATL,70,36,34,17.7,14.5,31.8,45.7,4.2,11.3,36.8,5.4,6.7,79.7,3.4,12.1,15.5,8.6,5.4,3.1,1.6,1.8,7.6,6.5,38.6,1.1
"Nance Jr., Larry",LAL,63,21,42,22.9,19.4,39.9,48.5,4.5,12.6,35.6,8.8,11.6,76.0,4.7,16.0,20.7,12.0,7.8,4.4,2.4,1.9,9.4,9.9,52.0,2.1
"Napier, Shabazz",POR,53,26,27,9.7,7.7,16.3,47.2,1.9,4.7,40.2,3.4,4.6,74.6,1.9,6.4,8.2,4.1,2.9,1.3,0.8,0.8,3.8,3.8,20.7,-0.3
"Ndour, Maurice",NYK,32,10,22,10.4,8.0,17.4,46.2,2.3,6.1,37.6,3.4,4.5,76.2,2.0,6.9,8.9,4.3,3.6,1.9,1.4,1.3,4.3,3.7,21.8,0.1
"Neal, Gary",ATL,2,1,1,9.2,6.5,14.0,46.4,2.0,6.0,33.3,3.0,4.0,75.0,1.0,9.5,10.5,4.5,3.5,2.0,0.0,0.0,7.5,3.5,18.0,2.5
"Nelson, Jameer",DEN,75,34,41,27.3,23.1,49.1,47.1,5.6,14.9,37.9,10.0,12.9,77.7,5.0,17.6,22.6,13.3,6.6,4.7,2.6,2.2,11.5,11.2,61.8,-1.7
Nene,HOU,67,47,20,17.9,14.5,32.5,44.7,3.7,11.2,33.6,7.0,8.9,79.1,3.7,12.8,16.5,8.4,6.0,3.2,1.8,1.5,8.0,7.7,39.8,-2.9
"Neto, Raul",UTA,40,24,16,8.6,6.1,14.6,42.0,1.3,4.3,29.8,3.1,4.2,75.3,1.7,5.6,7.3,2.9,2.7,1.0,0.9,0.9,3.4,3.7,16.7,-2.1
"Niang, Georges",IND,23,11,12,4.0,3.1,6.9,45.3,1.0,2.7,37.1,1.3,1.9,68.2,1.1,3.0,4.2,1.7,1.3,0.4,0.7,0.3,1.5,1.2,8.6,-0.1
"Nicholson, Andrew",WAS,28,18,10,8.3,7.0,14.5,47.9,1.9,4.9,38.7,2.5,3.6,67.6,2.0,5.5,7.5,4.2,2.8,1.5,0.5,0.6,3.2,4.0,18.3,2.5
"Nicholson, Andrew",BKN,10,2,8,11.1,9.8,20.8,47.1,3.4,8.2,41.5,5.1,6.3,81.0,3.0,8.6,11.6,6.4,1.8,1.8,0.9,0.7,4.5,5.0,28.1,6.0
"Noah, Joakim",NYK,46,17,29,22.1,19.0,40.8,46.5,4.8,12.8,37.6,7.7,9.9,77.5,5.0,15.5,20.5,11.1,5.3,3.5,1.8,2.3,7.8,8.8,50.4,3.1
"Noel, Nerlens",PHI,29,14,15,19.5,16.2,33.9,47.8,4.7,10.6,44.5,7.2,9.7,74.7,4.5,13.9,18.4,9.3,8.1,3.4,1.6,2.2,7.9,8.1,44.3,2.6
"Noel, Nerlens",DAL,22,10,12,21.9,17.2,37.1,46.4,4.4,12.0,36.4,6.7,9.0,74.6,4.5,15.6,20.1,9.9,6.8,3.4,0.9,1.7,8.1,7.7,45.5,0.4
"Nogueira, Lucas",TOR,57,34,23,19.1,14.4,33.9,42.6,3.8,11.5,32.9,7.6,9.5,79.6,4.6,13.0,17.6,8.1,5.7,2.3,1.6,2.5,7.8,8.4,40.2,-3.1
"Novak, Steve",MIL,8,6,2,2.7,1.9,4.4,42.9,0.1,1.1,11.1,1.0,1.4,72.7,0.9,1.4,2.3,1.3,0.5,0.6,0.0,0.4,0.8,1.1,4.9,0.0
"Nowitzki, Dirk",DAL,54,23,31,26.4,21.2,45.5,46.6,5.6,14.5,38.6,7.9,10.7,74.0,4.7,20.4,25.1,12.7,7.0,3.7,1.9,2.1,10.6,9.4,55.9,0.2
"Nurkic, Jusuf",DEN,45,20,25,17.9,15.6,33.5,46.4,3.7,9.2,40.1,5.9,7.6,78.1,3.7,11.9,15.6,8.7,4.4,3.5,2.3,1.9,8.4,7.2,40.8,3.4
"Nurkic, Jusuf",POR,20,14,6,29.2,24.3,54.1,44.9,5.0,14.8,33.4,9.9,13.4,73.9,6.4,17.7,24.0,12.6,7.6,4.8,2.9,3.8,13.3,12.1,63.5,-4.9
"Nwaba, David",LAL,20,5,15,19.9,15.7,34.6,45.2,3.8,12.7,30.0,7.1,9.4,75.5,3.7,13.4,17.1,10.0,6.9,3.5,2.6,1.7,7.3,8.5,42.2,-0.5
"O'Bryant III, Johnny",CHA,4,2,2,8.6,6.5,13.8,47.3,2.0,4.8,42.1,4.0,4.8,84.2,1.8,5.3,7.0,4.0,2.8,1.3,0.8,0.3,3.0,3.5,19.0,1.5
"O'Bryant III, Johnny",DEN,7,2,5,6.6,7.0,11.9,59.0,1.9,3.9,48.1,1.6,2.1,73.3,0.9,4.0,4.9,4.3,1.9,1.6,0.4,0.1,2.0,2.4,17.4,2.9
"O'Quinn, Kyle",NYK,79,29,50,15.6,12.5,28.0,44.8,3.2,8.8,36.1,6.2,7.9,78.8,3.8,10.4,14.2,7.1,4.0,2.3,1.6,2.2,5.8,6.6,34.5,2.0
"Ochefu, Daniel",WAS,19,12,7,3.9,3.3,6.3,52.5,0.8,2.0,42.1,1.7,2.6,67.3,1.0,2.6,3.6,1.8,1.3,0.4,0.5,0.2,1.4,1.7,9.2,1.6
"Okafor, Jahlil",PHI,50,15,35,22.7,19.4,40.3,48.1,3.9,10.7,36.6,8.3,10.7,77.6,4.7,17.2,22.0,11.0,6.3,3.6,3.1,2.0,8.6,9.4,51.0,6.4
"Oladipo, Victor",OKC,67,39,28,33.2,26.0,58.2,44.7,6.2,17.9,34.9,12.7,16.9,75.0,6.1,21.9,28.0,14.4,9.9,6.4,3.8,3.5,13.8,14.3,70.9,-2.6
"Olynyk, Kelly",BOS,75,49,26,20.5,16.3,36.3,44.7,3.9,11.6,33.5,7.9,10.3,76.3,4.5,14.6,19.1,9.6,6.1,3.4,2.3,1.5,8.7,8.9,44.2,-0.2
"Onuaku, Arinze",ORL,8,3,5,3.5,3.0,5.8,52.2,0.6,2.1,29.4,0.9,1.3,70.0,1.0,3.1,4.1,1.8,1.3,0.4,0.0,0.3,0.8,1.0,7.5,1.9
"Onuaku, Chinanu",HOU,5,2,3,10.3,10.8,19.6,55.1,3.2,6.4,50.0,5.8,7.4,78.4,3.0,6.4,9.4,6.4,2.0,2.8,0.6,0.4,2.8,4.8,30.6,9.0
"Oubre Jr., Kelly",WAS,79,47,32,20.3,16.4,35.9,45.6,3.9,11.4,34.6,8.2,10.8,75.9,4.5,13.4,17.9,9.0,6.4,3.2,1.9,1.8,8.7,9.7,44.8,0.5
"Pachulia, Zaza",GSW,70,58,12,18.1,15.1,33.5,45.0,3.5,10.4,33.5,5.3,7.0,75.8,4.0,11.6,15.6,8.9,6.4,3.3,1.5,1.9,7.1,7.0,38.9,-6.0
"Papagiannis, Georgios",SAC,22,7,15,16.1,13.0,28.4,45.6,3.1,9.8,31.9,6.6,8.6,76.7,3.3,9.4,12.7,7.8,3.4,3.8,1.2,1.5,5.7,6.5,35.6,1.4
"Parker, Jabari",MIL,51,22,29,33.9,27.3,59.9,45.6,7.7,20.9,37.0,13.5,17.2,79.0,7.8,22.9,30.7,17.5,9.9,5.1,3.7,4.2,13.8,14.3,75.9,1.7
"Parker, Tony",SAS,63,46,17,25.2,19.3,43.4,44.6,4.3,11.9,36.1,7.5,9.6,78.7,5.1,16.1,21.2,11.6,6.7,3.6,2.1,3.3,9.9,8.7,50.5,-2.8
"Parsons, Chandler",MEM,34,18,16,19.8,15.5,32.4,47.7,3.9,10.6,37.3,6.9,9.6,72.4,3.6,14.1,17.8,9.0,5.9,3.0,1.7,1.4,7.2,8.9,41.8,1.4
"Patterson, Lamar",ATL,5,1,4,8.1,4.8,14.4,33.3,1.4,6.0,23.3,2.2,2.8,78.6,1.8,5.8,7.6,3.8,2.0,1.0,1.4,1.0,3.8,2.4,13.2,-2.6
"Patterson, Patrick",TOR,65,42,23,24.6,18.3,42.0,43.6,5.0,14.7,33.9,9.6,12.1,79.2,5.2,16.0,21.3,10.8,7.8,3.1,2.5,2.3,11.4,10.7,51.1,-5.3
"Paul, Chris",LAC,61,43,18,31.5,24.5,55.4,44.2,5.9,16.7,35.2,10.5,14.0,75.0,6.1,20.5,26.6,14.7,9.0,4.3,1.7,2.6,16.1,11.8,65.3,-9.5
"Payne, Adreian",MIN,18,5,13,7.5,4.9,11.6,42.1,0.9,3.6,26.2,4.6,5.9,76.6,1.9,5.1,7.0,3.0,2.6,1.3,0.7,0.9,3.4,4.1,15.3,-0.4
"Payne, Cameron",OKC,20,11,9,16.0,12.5,27.1,46.2,2.2,6.6,33.6,6.6,8.9,73.6,3.3,11.7,15.0,6.4,4.9,2.6,2.3,1.8,6.3,7.1,33.8,2.0
"Payne, Cameron",CHI,11,5,6,12.9,10.7,23.2,46.3,2.4,8.1,29.2,4.6,6.0,77.3,2.5,9.9,12.4,6.5,3.4,2.4,0.7,0.9,4.6,5.0,28.5,2.7
"Payton II, Gary",MIL,6,2,4,16.5,13.8,28.8,48.0,4.3,10.5,41.3,6.8,8.5,80.4,3.0,12.0,15.0,9.8,4.2,4.3,0.8,2.0,6.0,7.2,38.8,9.7
"Payton, Elfrid",ORL,82,29,53,29.4,24.8,53.4,46.4,5.9,16.1,36.4,10.7,13.9,76.6,6.0,21.6,27.6,14.6,7.9,4.4,3.4,3.1,11.2,11.6,66.1,1.8
"Pierce, Paul",LAC,25,16,9,11.1,8.2,19.5,42.2,2.4,7.1,33.1,4.6,6.2,73.5,2.7,7.9,10.6,4.5,2.7,1.7,0.5,0.9,4.7,4.8,23.4,-1.1
"Plumlee, Marshall",NYK,21,6,15,8.1,6.6,14.3,46.0,1.1,4.8,22.8,3.7,4.6,80.2,2.1,5.0,7.0,3.0,2.2,1.5,1.1,0.6,3.2,3.9,17.9,0.1
"Plumlee, Mason",DEN,27,15,12,23.4,20.9,44.6,46.9,5.0,13.6,37.1,7.5,9.6,78.1,5.7,15.8,21.5,11.4,5.4,4.1,2.0,2.0,8.9,9.0,54.4,0.7
"Plumlee, Mason",POR,54,23,31,28.1,23.4,50.0,46.9,5.9,15.0,39.5,11.3,14.4,78.5,6.2,18.6,24.8,12.6,7.6,4.5,3.0,3.0,11.1,11.8,64.1,-0.4
"Plumlee, Miles",MIL,32,15,17,9.7,7.4,17.5,42.5,1.8,5.5,33.7,3.6,4.4,80.3,2.3,6.0,8.3,4.9,2.8,2.2,1.0,1.0,3.7,4.3,20.3,0.8
"Plumlee, Miles",CHA,13,4,9,13.4,11.0,23.3,47.2,4.1,9.9,41.1,3.8,5.2,74.6,3.5,8.8,12.3,7.5,3.5,1.8,0.8,0.5,5.6,5.5,29.9,3.1
"Poeltl, Jakob",TOR,54,38,16,11.6,8.3,18.4,44.9,2.2,6.4,34.2,4.9,6.3,77.5,2.0,7.6,9.6,4.8,4.0,1.8,1.5,1.0,4.9,5.3,23.6,0.1
"Porter Jr., Otto",WAS,80,48,32,32.6,27.0,57.2,47.3,6.9,18.4,37.2,12.1,16.1,75.0,6.9,22.3,29.2,15.7,10.7,4.9,3.1,2.7,13.4,13.5,73.0,-2.4
"Portis, Bobby",CHI,64,30,34,15.6,12.7,27.7,45.7,3.1,9.3,33.6,5.1,6.5,79.0,3.5,11.4,14.9,7.9,4.5,2.2,1.6,1.1,5.8,6.0,33.6,1.3
"Porzingis, Kristaps",NYK,66,26,40,32.8,26.9,59.8,45.0,6.8,19.3,35.5,12.1,16.0,75.4,8.1,22.8,30.9,14.9,8.8,5.3,2.9,4.0,12.6,13.7,72.7,1.5
"Powell, Dwight",DAL,77,30,47,17.3,13.7,28.3,48.5,3.8,9.8,38.7,6.2,7.9,78.2,3.4,12.6,16.0,7.8,5.5,2.3,1.5,1.3,7.2,6.5,37.4,2.2
"Powell, Norman",TOR,76,47,29,18.0,13.8,30.3,45.4,3.7,10.4,35.7,7.6,9.7,77.7,3.6,11.8,15.4,8.2,5.8,2.5,2.0,1.9,7.6,8.4,38.8,-1.1
"Poythress, Alex",PHI,6,0,6,26.1,23.0,45.8,50.2,4.8,12.7,38.2,12.5,15.7,79.8,6.3,17.2,23.5,12.8,8.0,4.8,2.8,1.5,11.2,12.0,63.3,6.0
"Price, Ronnie",PHX,14,4,10,9.6,7.8,16.7,46.6,2.4,6.1,40.0,4.9,6.4,76.7,1.9,7.4,9.2,4.3,3.1,1.5,1.1,0.6,4.4,5.1,22.9,3.1
"Prince, Taurean",ATL,59,28,31,16.6,12.6,29.8,42.4,3.6,10.8,33.3,5.4,7.1,75.9,3.8,11.9,15.6,7.9,5.6,3.2,1.8,1.8,7.5,6.5,34.2,0.5
"Quarterman, Tim",POR,16,6,10,5.0,3.6,8.9,40.6,0.6,2.3,25.0,2.0,2.8,72.7,1.5,3.8,5.3,1.8,1.4,1.1,0.6,0.3,1.6,1.9,9.8,-0.1
"Randle, Chasson",PHI,8,1,7,9.2,8.0,17.5,45.7,1.6,4.5,36.1,3.8,5.1,73.2,3.8,6.5,10.3,4.1,2.9,2.0,1.1,0.9,3.9,4.1,21.4,0.8
"Randle, Chasson",NYK,18,7,11,12.5,10.3,21.5,47.8,2.9,7.9,37.3,4.1,6.0,67.6,2.6,8.1,10.7,5.8,3.9,2.6,1.7,1.6,5.9,5.6,27.6,0.2
"Randle, Julius",LAL,74,24,50,28.8,25.5,52.3,48.7,6.2,16.5,37.5,11.4,14.7,77.5,6.4,20.8,27.2,16.1,8.2,4.9,3.1,2.3,10.4,12.6,68.6,6.1
"Randolph, Zach",MEM,73,38,35,24.5,17.7,39.4,44.9,5.0,14.3,35.2,9.4,12.7,74.1,4.6,15.9,20.5,10.1,7.0,3.5,2.7,1.9,11.2,10.9,49.8,-1.0
"Redick, JJ",LAC,78,50,28,28.2,22.6,50.5,44.7,5.7,15.7,36.4,9.7,12.5,77.7,6.1,18.6,24.6,13.7,7.8,3.9,1.7,2.5,14.0,10.6,60.6,-6.1
"Reed, Willie",MIA,71,39,32,14.5,11.2,25.4,44.2,2.2,6.5,33.6,5.7,7.1,80.3,3.2,10.4,13.6,5.6,4.5,2.0,1.4,1.7,6.0,6.4,30.4,-0.5
"Richardson, Josh",MIA,53,23,30,30.5,23.4,52.3,44.8,4.9,14.5,33.6,12.5,15.7,79.1,6.0,21.5,27.5,11.9,9.0,4.0,2.9,3.8,11.8,13.3,64.2,-0.1
"Richardson, Malachi",SAC,22,9,13,9.0,7.0,15.5,45.3,2.2,6.4,35.0,2.8,4.2,66.3,1.5,6.2,7.7,4.6,2.4,1.5,0.7,0.7,3.5,3.7,19.0,0.8
"Rivers, Austin",LAC,74,43,31,27.8,22.6,49.0,46.1,5.1,14.9,34.4,11.0,14.0,78.4,6.0,19.7,25.7,13.6,7.6,4.2,2.1,2.4,12.3,12.1,61.3,0.1
"Roberson, Andre",OKC,79,46,33,30.1,24.3,53.9,45.1,5.8,16.3,35.6,11.0,14.3,76.9,5.8,19.5,25.3,13.7,8.9,5.4,3.2,3.3,12.7,12.4,65.4,-1.8
"Roberts, Brian",CHA,41,16,25,10.2,7.8,17.3,45.1,2.4,7.0,34.7,3.1,4.0,78.2,1.7,7.5,9.2,4.9,2.7,1.3,1.0,0.6,4.0,3.5,21.2,1.4
"Robinson III, Glenn",IND,69,35,34,20.7,16.4,36.9,44.5,4.4,12.5,34.8,7.8,9.9,78.4,4.7,14.3,19.0,9.8,6.0,3.7,2.2,2.0,8.4,7.9,45.0,1.1
"Robinson, Thomas",LAL,48,15,33,11.7,9.9,20.1,49.3,2.8,6.8,41.8,4.2,5.8,72.5,2.3,7.8,10.1,6.0,3.8,2.0,1.5,0.8,4.8,4.9,26.8,1.7
"Rodriguez, Sergio",PHI,68,24,44,22.3,18.0,39.3,45.7,4.2,11.3,37.5,8.8,11.6,76.2,4.8,15.3,20.1,10.3,6.6,4.1,2.5,2.5,8.9,10.3,49.0,2.0
"Rondo, Rajon",CHI,69,34,35,26.7,22.6,48.4,46.7,5.0,13.8,36.4,7.6,9.9,76.4,6.0,17.9,23.9,13.8,7.6,4.2,2.3,2.7,10.0,9.8,57.8,0.9
"Rose, Derrick",NYK,64,26,38,32.5,27.6,60.2,45.9,6.8,19.0,35.7,12.6,16.2,78.1,8.1,22.3,30.3,15.6,7.9,4.9,3.0,3.6,11.9,13.2,74.7,2.6
"Ross, Terrence",ORL,24,8,16,31.2,27.5,57.5,47.8,6.6,17.2,38.3,11.2,14.3,78.1,6.3,23.3,29.6,16.6,8.3,4.7,3.3,2.9,11.7,12.3,72.8,1.4
"Ross, Terrence",TOR,54,31,23,22.3,17.6,38.9,45.2,4.5,12.9,35.2,9.2,11.6,79.0,5.1,15.5,20.6,10.1,7.2,2.7,2.1,2.4,9.9,10.3,48.9,-3.0
"Rozier, Terry",BOS,74,47,27,17.1,13.2,30.2,43.8,3.3,9.7,34.0,6.1,8.0,76.1,3.6,12.5,16.1,7.6,4.8,2.4,1.9,1.5,7.2,7.1,35.9,0.2
"Rubio, Ricky",MIN,75,28,47,32.9,27.3,57.4,47.5,7.0,18.6,37.6,11.4,14.7,77.5,6.9,21.0,27.9,16.2,9.3,5.2,3.4,2.9,14.4,12.6,72.9,0.1
"Rudez, Damjan",ORL,45,12,33,7.0,5.6,11.4,49.0,1.3,3.8,33.7,2.8,3.6,77.3,1.3,5.4,6.8,3.5,1.9,1.0,0.8,0.5,2.6,2.8,15.3,1.7
"Rush, Brandon",MIN,47,15,32,21.9,18.4,39.0,47.1,4.7,13.1,36.0,7.2,9.7,74.7,5.0,13.6,18.5,11.3,6.1,3.9,2.1,2.0,9.1,8.4,48.7,0.9
"Russell, D'Angelo",LAL,63,21,42,28.7,25.4,51.4,49.4,6.1,16.1,38.1,11.8,15.3,76.8,6.2,21.1,27.3,15.6,8.7,4.7,2.8,2.4,10.9,12.8,68.7,5.7
"Sabonis, Domantas",OKC,81,46,35,20.1,16.0,35.5,45.1,3.5,9.9,35.7,6.9,9.1,76.3,3.8,13.5,17.3,8.7,6.0,3.5,2.2,2.0,7.8,8.4,42.5,-0.2
"Sanders, Larry",CLE,5,2,3,2.5,1.8,4.2,42.9,0.4,1.4,28.6,1.2,2.2,54.5,0.4,0.8,1.2,1.0,0.4,1.4,0.4,0.2,0.4,1.6,5.2,0.2
"Saric, Dario",PHI,81,28,53,26.3,21.4,46.6,45.9,5.0,14.0,35.5,11.5,15.0,76.8,5.8,18.2,24.0,12.3,8.1,5.0,3.3,2.6,10.7,12.0,59.3,3.8
"Satoransky, Tomas",WAS,57,33,24,12.6,9.5,21.8,43.4,2.4,6.9,35.3,4.6,6.1,75.4,3.1,8.2,11.2,5.2,3.9,1.8,1.1,1.2,5.1,5.8,25.9,-0.2
"Schroder, Dennis",ATL,79,42,37,31.5,25.8,57.3,45.1,7.2,19.6,36.8,10.2,13.4,76.4,7.4,21.2,28.7,15.9,9.8,6.0,3.6,3.1,13.7,11.7,69.1,1.0
"Scola, Luis",BKN,36,7,29,12.8,11.4,23.8,48.0,2.7,7.6,35.3,4.9,6.3,78.0,2.7,9.6,12.3,6.5,3.6,2.4,1.4,0.8,5.2,5.9,30.4,2.3
"Scott, Mike",ATL,18,7,11,10.8,8.2,18.3,44.8,2.3,6.7,35.0,3.9,5.1,78.0,2.2,8.6,10.8,4.7,4.0,1.7,1.3,1.2,4.8,3.8,22.7,2.3
"Sefolosha, Thabo",ATL,62,32,30,25.7,20.7,46.0,44.9,5.8,16.0,36.4,8.4,10.9,77.1,5.4,17.4,22.9,12.4,8.4,4.7,2.9,2.4,10.9,9.5,55.5,1.0
"Selden, Wayne",MEM,11,4,7,17.2,13.3,29.9,44.4,3.5,9.5,36.5,5.8,8.2,71.1,4.6,11.7,16.4,6.8,4.3,2.5,1.1,1.9,6.5,6.8,35.8,3.5
"Selden, Wayne",NOP,3,2,1,15.7,12.0,29.7,40.4,4.7,13.3,35.0,5.7,8.3,68.0,3.0,14.0,17.0,5.3,4.7,2.0,0.3,2.0,6.0,6.3,34.3,1.0
"Seraphin, Kevin",IND,49,23,26,11.4,9.0,19.6,46.1,3.0,7.2,41.4,4.4,6.0,73.7,2.6,8.2,10.8,5.5,3.3,1.8,1.2,1.0,3.9,4.3,25.4,2.1
"Sessions, Ramon",CHA,50,23,27,16.2,13.9,30.4,45.8,3.8,10.4,36.9,4.7,6.2,76.5,3.4,11.9,15.2,8.6,3.9,2.6,1.6,1.6,7.0,5.7,36.4,1.6
"Shumpert, Iman",CLE,76,48,28,25.5,21.1,46.7,45.2,5.6,15.7,35.9,8.7,11.1,77.9,5.8,17.6,23.3,12.6,6.4,3.6,2.0,2.1,10.4,9.8,56.5,-0.6
"Siakam, Pascal",TOR,55,35,20,15.6,12.6,26.7,47.2,3.5,8.7,40.0,5.3,7.1,75.8,3.1,10.2,13.3,7.7,5.3,2.6,1.7,1.6,5.4,6.5,34.1,0.9
"Simmons, Jonathon",SAS,78,60,18,17.9,13.1,30.4,42.9,2.7,9.0,29.9,6.5,8.7,75.0,3.6,11.6,15.2,7.2,5.9,3.1,1.7,2.1,7.4,7.7,35.3,-2.7
"Singler, Kyle",OKC,32,15,17,12.0,9.5,20.3,46.7,1.8,5.7,30.8,4.4,5.8,76.2,1.9,8.3,10.1,4.6,3.8,1.7,1.3,1.0,5.3,5.2,25.2,-0.3
"Smart, Marcus",BOS,79,51,28,30.4,24.0,53.3,45.0,5.5,17.2,31.8,13.0,16.8,77.4,6.5,21.4,27.9,13.4,9.3,4.9,3.3,2.3,13.8,13.2,66.4,-1.6
"Smith, Ish",DET,81,37,44,24.1,19.1,42.3,45.1,4.5,12.6,35.4,8.4,10.7,78.1,4.3,17.2,21.5,11.3,6.3,3.3,2.0,2.0,8.9,8.6,51.0,-0.6
"Smith, JR",CLE,41,25,16,29.0,25.1,53.6,46.8,5.8,16.8,34.6,8.7,11.7,74.5,6.7,20.1,26.9,15.6,7.8,4.6,2.3,2.2,12.2,10.7,64.7,-1.8
"Smith, Jason",WAS,74,45,29,14.4,11.3,25.1,45.1,2.9,8.1,35.2,6.2,8.3,74.0,3.2,9.1,12.3,6.6,4.1,2.2,1.1,1.6,5.9,7.5,31.6,0.1
"Snell, Tony",MIL,80,42,38,29.2,23.5,50.6,46.4,6.1,17.0,36.0,11.1,14.2,78.0,6.4,19.7,26.1,14.9,8.8,4.3,2.8,3.4,11.2,12.1,64.1,1.5
"Speights, Marreese",LAC,82,51,31,15.7,12.4,27.2,45.5,2.6,7.8,33.2,7.0,8.9,78.2,3.7,11.4,15.1,7.0,4.2,2.2,1.1,1.4,6.3,7.8,34.3,0.4
"Splitter, Tiago",PHI,8,1,7,9.5,8.1,15.8,51.6,2.1,5.0,42.5,3.1,4.9,64.1,1.1,6.1,7.3,4.5,2.8,1.9,1.8,0.5,4.8,3.5,21.5,0.5
"Stauskas, Nik",PHI,80,27,53,27.3,22.3,48.6,45.8,4.7,13.8,34.0,11.8,15.4,76.5,6.4,18.8,25.3,12.9,8.0,4.9,3.1,2.8,11.6,12.6,61.0,2.4
"Stephenson, Lance",NOP,6,0,6,27.1,20.2,49.7,40.6,3.8,14.0,27.4,10.3,12.7,81.6,5.8,22.7,28.5,11.3,9.3,5.2,2.3,4.2,11.8,13.2,54.5,1.7
"Stephenson, Lance",MIN,6,3,3,11.2,9.2,19.3,47.4,2.5,7.0,35.7,3.3,4.8,69.0,2.5,6.5,9.0,4.3,3.7,2.8,0.2,0.7,5.2,5.3,24.2,1.8
"Stephenson, Lance",IND,6,5,1,22.0,15.2,34.0,44.6,5.8,14.5,40.2,7.7,10.8,70.8,3.3,13.5,16.8,9.3,6.0,3.0,1.0,1.5,7.5,8.2,43.8,-5.3
"Stokes, Jarnell",DEN,2,0,2,3.3,2.5,5.5,45.5,0.5,2.0,25.0,2.5,4.0,62.5,1.5,3.0,4.5,2.5,1.0,0.5,1.0,0.0,1.0,2.5,8.0,0.0
"Stone, Diamond",LAC,7,6,1,3.5,2.7,5.9,46.3,0.7,2.6,27.8,1.7,2.7,63.2,1.0,3.4,4.4,1.9,0.7,0.7,0.6,0.1,0.6,1.3,7.9,3.9
"Stuckey, Rodney",IND,39,17,22,17.9,13.7,30.9,44.5,3.9,11.2,35.2,6.8,9.1,75.1,3.6,12.0,15.6,8.2,5.0,3.0,2.0,1.4,7.3,7.8,38.2,0.8
"Sullinger, Jared",TOR,11,2,9,10.7,7.6,16.9,45.2,2.3,5.5,41.7,4.7,5.9,80.0,1.6,9.2,10.8,4.7,3.3,1.4,1.4,0.7,4.5,5.2,22.3,2.6
"Tavares, Edy",CLE,1,0,1,24.0,18.0,42.0,42.9,4.0,13.0,30.8,5.0,8.0,62.5,5.0,16.0,21.0,9.0,3.0,2.0,2.0,7.0,12.0,7.0,45.0,-4.0
"Tavares, Edy",ATL,1,1,0,3.6,1.0,7.0,14.3,0.0,0.0,0.0,0.0,0.0,0.0,1.0,1.0,2.0,1.0,1.0,1.0,0.0,1.0,2.0,0.0,2.0,-6.0
"Taylor, Isaiah",HOU,4,3,1,13.0,13.5,26.5,50.9,2.5,7.3,34.5,4.8,5.5,86.4,3.8,9.5,13.3,8.0,3.3,2.5,0.8,1.0,5.5,4.8,34.3,4.8
"Teague, Jeff",IND,82,42,40,32.4,26.0,57.1,45.5,6.9,19.5,35.4,12.7,15.7,80.8,7.6,22.5,30.1,15.4,10.5,5.5,3.3,3.7,13.8,12.4,71.5,-0.6
"Teletovic, Mirza",MIL,70,36,34,16.2,12.4,27.8,44.7,3.2,9.6,33.5,5.5,7.4,74.6,3.5,10.9,14.4,7.8,5.0,2.7,1.3,1.6,6.4,6.7,33.7,-1.0
"Temple, Garrett",SAC,65,25,40,26.6,20.8,45.3,45.8,6.2,17.2,36.2,11.5,14.5,79.4,5.8,18.1,23.9,12.8,8.1,4.9,2.7,2.2,11.7,11.6,59.2,2.7
"Terry, Jason",MIL,74,37,37,18.4,14.1,31.5,44.6,3.6,10.7,33.2,6.1,8.4,73.4,4.0,11.9,15.9,8.9,5.8,2.9,1.6,1.9,7.5,8.1,37.9,-1.4
"Thomas, Isaiah",BOS,76,51,25,33.8,28.0,60.8,46.0,6.5,18.9,34.3,13.9,18.1,76.8,8.1,22.9,31.0,16.3,9.6,5.4,3.6,2.9,14.6,14.8,76.3,-3.6
"Thomas, Lance",NYK,46,15,31,21.0,17.3,38.0,45.4,4.7,13.2,35.1,8.8,11.4,77.8,5.4,15.0,20.4,10.0,5.5,3.0,1.9,2.4,8.2,9.5,48.0,4.4
"Thompson, Hollis",NOP,9,3,6,21.3,16.4,39.8,41.3,3.2,11.6,27.9,5.6,7.8,71.4,5.7,17.4,23.1,8.8,5.9,3.8,1.6,1.6,8.3,7.6,41.7,-2.1
"Thompson, Hollis",PHI,31,9,22,18.1,14.5,32.2,45.0,3.5,10.0,35.2,7.1,9.6,74.4,4.3,12.8,17.2,8.5,4.7,2.9,1.8,1.9,7.6,8.3,39.7,2.9
"Thompson, Klay",GSW,78,66,12,34.0,27.3,62.7,43.5,6.1,19.1,31.9,12.4,16.4,75.4,8.4,22.1,30.5,15.7,10.9,5.9,2.7,4.6,13.6,13.8,73.1,-10.3
"Thompson, Tristan",CLE,78,50,28,30.0,25.9,55.8,46.4,6.4,17.4,36.7,7.8,10.3,76.2,6.6,20.3,26.9,16.0,7.6,4.5,2.9,2.5,12.0,10.0,66.1,-1.7
"Thornton, Marcus",WAS,33,15,18,17.4,14.9,29.8,49.9,4.2,10.3,40.7,6.9,9.1,76.6,3.4,11.4,14.8,8.8,5.2,2.7,1.6,1.3,7.2,9.2,40.9,4.5
"Tobey, Mike",CHA,2,0,2,12.6,8.0,21.0,38.1,3.5,9.0,38.9,5.0,6.0,83.3,1.0,11.0,12.0,5.5,2.5,1.5,2.5,1.0,3.0,5.5,24.5,8.5
"Tolliver, Anthony",SAC,65,26,39,22.7,18.1,38.5,46.9,5.1,14.1,35.9,9.6,12.1,79.4,4.4,15.3,19.7,11.0,6.6,4.2,2.4,1.7,9.8,10.1,50.8,1.5
"Toupane, Axel",MIL,2,1,1,3.0,3.5,7.0,50.0,1.0,2.0,50.0,1.5,1.5,100,2.5,3.5,6.0,1.5,1.0,0.0,0.0,0.5,1.5,1.5,9.5,4.5
"Toupane, Axel",NOP,2,1,1,20.7,18.0,37.5,48.0,3.5,10.5,33.3,3.0,7.0,42.9,6.0,15.0,21.0,10.0,9.5,5.0,2.0,2.0,7.5,6.0,42.5,1.0
"Towns, Karl-Anthony",MIN,82,31,51,37.0,30.8,64.2,48.1,7.8,20.6,37.7,13.2,17.0,77.7,7.6,23.0,30.6,18.1,10.6,6.0,3.9,3.5,15.8,14.5,82.7,0.3
"Tucker, PJ",PHX,57,18,39,28.5,23.1,49.4,46.8,6.1,15.5,38.9,13.0,16.6,78.4,5.9,19.2,25.1,12.6,9.3,4.6,3.4,2.5,13.5,13.9,65.4,2.7
"Tucker, PJ",TOR,24,17,7,25.4,18.3,43.1,42.4,4.6,13.6,33.9,10.0,12.8,77.9,4.8,17.0,21.8,10.2,7.7,3.4,2.5,2.6,11.4,11.7,51.1,-3.2
"Turner, Evan",POR,65,34,31,25.5,20.3,44.9,45.2,4.9,13.3,37.0,11.4,14.5,78.8,5.3,18.5,23.8,10.7,7.0,4.3,2.8,2.6,10.6,11.3,56.9,2.7
"Turner, Myles",IND,81,42,39,31.4,24.7,55.5,44.6,6.5,18.7,34.8,11.8,14.7,80.7,7.3,21.5,28.7,14.4,9.8,5.4,3.0,3.7,13.1,12.0,67.8,-1.8
"Udrih, Beno",DET,39,18,21,14.4,10.3,24.1,42.8,2.6,7.9,33.1,4.4,5.9,74.8,2.1,9.6,11.7,6.3,3.7,2.1,1.6,1.1,5.3,5.4,27.6,-2.2
"Ulis, Tyler",PHX,61,15,46,18.4,15.2,33.3,45.8,3.8,10.4,37.0,8.6,11.2,76.2,4.2,13.4,17.6,8.4,5.5,2.8,1.8,2.1,8.3,9.5,42.9,2.3
"Uthoff, Jarrod",DAL,9,2,7,12.7,11.0,21.8,50.5,3.0,6.1,49.1,5.7,7.1,79.7,3.3,10.2,13.6,6.6,3.6,1.7,1.3,1.7,3.3,5.0,30.7,6.9
"Valanciunas, Jonas",TOR,80,50,30,25.8,20.8,44.8,46.5,5.3,13.8,38.0,8.8,11.6,75.9,5.3,16.8,22.1,12.3,7.3,3.7,2.5,2.5,10.4,10.2,55.7,-1.4
"Valentine, Denzel",CHI,57,28,29,17.1,13.7,30.1,45.7,3.2,9.5,33.8,5.9,7.7,76.8,3.8,12.2,16.0,8.4,5.4,2.4,1.5,1.5,6.5,7.0,36.6,0.3
"VanVleet, Fred",TOR,37,25,12,7.9,5.2,13.4,39.1,1.2,4.4,27.8,3.2,4.4,73.0,1.6,5.5,7.1,2.9,2.6,1.3,1.2,1.3,2.8,3.8,14.9,-1.8
"Varejao, Anderson",GSW,14,12,2,6.6,6.0,12.2,49.1,1.4,4.2,33.9,2.8,3.6,78.0,1.1,4.5,5.6,3.4,1.8,1.3,0.6,0.6,2.6,2.6,16.2,2.1
"Vasquez, Greivis",BKN,3,1,2,12.9,12.7,25.7,49.4,2.3,6.7,35.0,3.3,4.7,71.4,3.3,11.0,14.3,8.7,2.7,2.0,2.7,0.7,3.3,6.7,31.0,4.3
"Vaughn, Rashad",MIL,41,18,23,11.2,9.0,19.1,47.1,2.1,6.2,33.6,4.0,5.2,77.4,2.1,8.1,10.3,5.5,3.2,2.0,1.0,1.1,4.4,4.7,24.1,1.9
"Vonleh, Noah",POR,74,38,36,17.1,13.8,30.4,45.4,3.3,8.7,37.7,6.1,7.7,79.2,3.4,11.9,15.3,7.3,4.8,2.7,2.1,1.6,6.5,6.8,37.0,1.2
"Vucevic, Nikola",ORL,75,27,48,28.8,24.4,52.4,46.5,5.7,15.8,36.2,9.6,12.7,75.6,5.6,21.3,27.0,14.5,8.0,4.8,3.0,2.8,10.7,10.9,64.1,1.9
"Vujacic, Sasha",NYK,42,14,28,9.7,7.5,17.0,44.0,1.8,5.5,31.9,3.6,4.8,74.9,2.0,7.0,9.1,3.6,3.0,1.5,1.0,1.3,3.8,4.1,20.3,0.2
"Wade, Dwyane",CHI,60,29,31,29.9,24.8,54.0,45.9,5.7,16.2,35.4,9.1,12.0,76.4,6.3,20.7,26.9,15.0,8.1,4.7,3.2,3.2,11.7,11.2,64.4,1.2
"Waiters, Dion",MIA,46,27,19,30.1,23.5,53.2,44.3,4.9,14.1,34.7,11.8,14.8,79.2,6.7,20.7,27.4,12.2,8.4,4.3,3.0,3.6,11.0,12.8,63.7,-1.8
"Walker, Kemba",CHA,79,36,43,34.7,28.1,61.9,45.4,8.3,22.4,36.9,10.3,13.2,78.0,6.3,25.4,31.7,17.4,9.5,4.5,4.3,3.6,14.2,11.7,74.8,-2.4
"Wall, John",WAS,78,48,30,36.4,30.2,64.4,46.9,7.5,20.9,36.0,14.1,18.7,75.7,8.0,24.5,32.5,17.3,11.9,5.6,3.4,3.1,15.1,15.3,82.1,-3.2
"Warren, T.J.",PHX,66,20,46,31.0,26.7,56.1,47.6,6.4,16.7,38.5,15.1,19.3,78.2,6.7,22.0,28.7,14.6,9.1,5.0,3.7,3.1,14.2,15.7,74.9,4.3
"Watson, C.J.",ORL,62,20,42,16.3,13.2,28.1,47.0,3.5,8.9,39.1,5.9,7.7,77.1,2.9,12.4,15.3,8.0,4.8,2.6,1.4,1.3,6.7,6.7,35.8,3.0
"Weber, Briante",CHA,13,6,7,12.2,10.2,20.1,50.6,2.9,7.5,38.8,2.7,3.4,79.5,2.1,8.1,10.2,6.7,3.3,1.5,0.6,0.7,5.5,4.2,25.9,2.6
"Weber, Briante",GSW,7,6,1,6.6,5.7,10.4,54.8,1.7,3.6,48.0,2.3,2.9,80.0,1.3,5.1,6.4,3.9,3.4,0.9,0.9,0.6,2.0,2.0,15.4,2.3
"West, David",GSW,68,56,12,12.6,9.4,22.5,41.7,2.0,6.7,30.1,4.4,5.7,77.8,2.9,8.2,11.1,5.6,3.4,2.3,0.7,1.8,4.9,4.9,25.3,-1.8
"Westbrook, Russell",OKC,81,46,35,34.6,28.5,62.3,45.7,6.8,18.6,36.6,13.0,17.0,76.5,6.6,22.6,29.1,16.1,10.2,6.4,3.8,3.7,15.5,14.8,76.8,-3.1
"White, Okaro",MIA,35,26,9,13.5,10.2,22.3,45.7,1.7,5.6,29.7,5.7,7.6,74.4,2.8,8.6,11.4,4.7,4.2,1.4,1.3,1.3,5.9,6.3,27.7,-1.9
"Whitehead, Isaiah",BKN,73,17,56,22.5,18.7,42.2,44.2,4.9,13.6,36.2,8.9,11.9,74.9,5.6,16.2,21.8,10.2,6.3,4.3,2.5,2.1,9.3,10.2,51.1,1.6
"Whiteside, Hassan",MIA,77,39,38,32.6,25.9,57.2,45.2,5.5,15.6,35.4,12.0,15.6,77.3,6.7,21.9,28.6,13.7,8.5,4.7,3.3,4.0,12.3,13.3,69.3,-1.3
"Wiggins, Andrew",MIN,82,31,51,37.2,30.9,64.8,47.8,8.0,21.4,37.4,13.4,17.5,76.9,7.6,23.4,31.0,18.3,10.6,5.9,4.0,3.5,16.1,14.8,83.3,0.2
"Wilcox, CJ",ORL,22,8,14,4.9,4.1,8.2,49.7,0.6,2.1,28.3,1.7,2.4,71.2,1.2,4.0,5.2,2.8,1.5,0.6,0.4,0.5,1.8,2.0,10.5,0.8
"Williams, Alan",PHX,47,11,36,15.1,11.8,27.1,43.6,2.9,8.5,34.4,7.5,9.5,79.1,3.5,10.4,13.9,6.2,4.4,2.3,1.4,1.7,7.2,7.7,34.1,0.0
"Williams, Deron",CLE,24,10,14,20.3,15.9,36.1,44.1,4.0,12.0,33.1,8.4,10.7,78.9,4.6,15.0,19.6,9.5,4.6,3.3,1.3,1.5,8.1,8.8,44.2,1.7
"Williams, Deron",DAL,40,15,25,29.3,22.0,46.5,47.4,5.9,13.5,43.5,11.1,14.3,77.4,4.9,21.9,26.8,12.4,9.1,3.8,2.2,2.2,10.7,11.9,61.0,1.3
"Williams, Derrick",MIA,25,5,20,15.1,12.4,26.8,46.2,2.3,7.0,33.1,4.8,6.4,75.6,3.8,11.0,14.8,6.8,4.1,1.6,1.8,1.4,6.4,6.0,31.9,1.4
"Williams, Derrick",CLE,25,11,14,17.1,14.5,32.0,45.4,3.2,9.7,32.9,5.6,7.2,78.8,3.9,12.2,16.1,8.6,3.7,2.2,1.3,1.4,7.7,6.8,37.9,1.0
"Williams, Lou",HOU,23,15,8,25.7,23.7,50.9,46.5,5.3,17.2,30.6,9.4,11.7,80.0,6.8,19.2,26.0,14.3,7.9,4.7,3.0,2.2,11.8,10.5,62.0,-0.9
"Williams, Lou",LAL,58,19,39,24.2,20.6,43.6,47.2,5.0,13.7,36.7,9.3,12.6,74.0,5.5,16.2,21.7,11.9,7.1,4.4,2.8,2.2,10.4,10.5,55.4,-0.5
"Williams, Marvin",CHA,76,32,44,30.2,24.6,53.5,46.0,7.3,19.6,37.3,8.9,11.3,79.1,5.3,22.6,27.8,15.1,8.4,4.0,3.8,2.9,12.1,10.1,65.5,0.4
"Williams, Reggie",NOP,6,1,5,13.2,11.2,22.2,50.4,3.5,9.8,35.6,4.0,5.5,72.7,2.2,11.2,13.3,7.2,4.8,2.0,1.3,0.7,6.3,5.8,29.8,4.0
"Williams, Troy",HOU,6,4,2,23.1,21.2,48.8,43.3,4.0,15.8,25.3,10.0,12.5,80.0,7.5,16.5,24.0,12.3,5.5,4.3,2.2,2.2,8.3,10.7,56.3,2.0
"Williams, Troy",MEM,24,15,9,17.4,13.0,28.9,44.8,4.0,10.1,39.1,6.7,9.1,73.5,3.6,12.7,16.3,7.0,5.6,2.4,1.9,2.0,7.1,7.8,36.6,2.7
"Wiltjer, Kyle",HOU,14,12,2,3.1,3.3,6.3,52.3,0.7,2.2,32.3,1.3,1.6,81.8,0.5,2.4,2.9,1.8,0.6,1.4,0.2,0.3,0.5,1.1,8.6,2.7
"Winslow, Justise",MIA,18,4,14,34.7,26.4,61.4,43.0,5.4,16.3,33.3,13.4,17.4,77.3,7.5,25.2,32.7,13.2,9.1,4.1,3.3,4.1,12.7,14.9,71.7,0.3
"Withey, Jeff",UTA,51,33,18,8.5,7.0,15.0,46.3,1.5,4.1,35.7,3.1,4.1,76.6,1.7,5.6,7.3,3.6,2.0,1.2,0.8,1.1,3.1,3.3,18.5,0.4
"Wood, Christian",CHA,13,5,8,8.2,5.9,14.4,41.2,1.3,5.5,23.6,2.3,3.3,69.8,1.9,5.2,7.2,3.8,1.9,1.6,1.0,0.8,3.8,2.9,15.5,-1.5
"World Peace, Metta",LAL,25,8,17,6.4,5.4,11.2,48.2,1.8,4.5,40.2,1.8,2.4,75.0,1.1,4.8,5.9,3.7,1.9,1.1,0.6,0.3,2.4,2.3,14.4,2.4
"Wright, Brandan",MEM,28,14,14,16.0,11.5,27.1,42.5,2.7,8.2,32.8,6.1,8.2,74.3,4.0,10.8,14.8,6.3,4.4,2.4,1.5,1.8,7.3,6.8,31.8,-1.3
"Wright, Delon",TOR,27,19,8,16.5,10.8,26.0,41.5,2.8,9.4,29.8,6.6,8.8,75.5,2.7,10.3,13.0,6.6,5.1,2.4,2.1,1.9,7.3,7.6,31.1,-3.3
"Young, James",BOS,29,16,13,7.6,6.3,13.6,46.6,1.6,4.4,35.4,2.9,3.6,79.0,1.4,5.9,7.3,3.6,2.3,1.3,0.7,0.6,3.3,2.9,17.0,1.3
"Young, Joe",IND,33,18,15,4.1,3.4,7.1,48.5,1.2,2.8,41.8,1.3,1.8,72.9,0.8,3.5,4.4,2.2,1.3,0.7,0.6,0.3,1.2,1.2,9.3,1.7
"Young, Nick",LAL,60,19,41,25.9,22.6,46.4,48.6,5.4,14.8,36.6,10.3,13.7,74.7,5.7,19.2,24.9,13.9,7.4,4.2,2.7,1.8,9.1,11.9,60.8,3.5
"Young, Thaddeus",IND,74,40,34,30.2,24.2,54.1,44.9,6.1,18.3,33.5,11.0,13.6,81.1,7.2,21.2,28.4,14.1,9.8,5.1,3.1,3.6,12.4,11.3,65.6,-0.9
"Zeller, Cody",CHA,62,33,29,27.8,22.1,48.8,45.3,6.5,17.9,36.0,7.4,9.6,77.1,4.9,20.1,25.0,14.2,8.2,3.7,3.3,2.6,11.1,8.6,58.1,-3.4
"Zeller, Tyler",BOS,51,32,19,10.3,8.1,18.5,43.6,1.8,5.6,32.4,4.3,5.5,77.9,2.5,7.5,9.9,4.6,2.9,1.5,1.3,1.0,4.7,4.5,22.3,0.0
"Zimmerman, Stephen",ORL,19,8,11,5.7,4.7,9.5,50.0,1.0,3.0,33.3,2.3,3.3,68.3,1.3,4.6,5.9,3.0,1.6,0.8,0.6,0.5,1.2,2.5,12.7,2.1
"Zipser, Paul",CHI,44,21,23,19.2,15.7,34.9,45.0,3.5,11.1,31.2,5.1,6.7,76.3,4.3,13.1,17.4,9.1,5.8,2.9,1.8,1.8,7.3,6.7,39.9,-0.3
"Zubac, Ivica",LAL,38,8,30,16.0,15.0,30.5,49.2,3.2,9.2,35.1,5.7,7.4,77.3,3.9,11.9,15.9,9.2,4.7,2.8,1.8,1.7,6.3,6.3,38.9,3.5
